,Usuarios,Comentarios,Curtidas,Data
0,@ricardoqueiroga8183,"UOL s√≥ passando vergonha ü§£ü§£ü§£ü§£ü§£, a reda√ß√£o s√≥ deve feder c.u <a href=""http://a.ssa.do/"">a.ssa.do</a> kkkkkk",0,2024-02-24T04:12:17Z
1,@doncomuna378,"<a href=""https://www.youtube.com/watch?v=VWxRO6YIeBU&amp;t=150"">2:30</a> <b>KKKKKKKKKK FRESCO</b>",1,2023-08-28T21:13:57Z
2,@doncomuna378,"Ofender eu nao ofendo, mas tenho o direito de nao consumir esse tipo de produto, e de achar isso engra√ßado ! üëç",1,2023-08-28T21:13:30Z
3,@walteroliveira5704,"O que leva a 1 homem ou 1 mulher se relacionar com os mesmos lados s√£o resultado de fam√≠lia frustrada e viol√™ncia dom√©stica. S√≥ Deus pode julgar, mas n√£o devemos esquecer que homem e mulher ser√£o assim mesmo que mude o gosto afetivo. Sejam felizes!!!",0,2023-06-11T21:47:57Z
4,@sandrojohnston812,Uma ignor√¢ncia!,0,2023-06-02T07:09:13Z
5,@vagnerpimenta3159,At√© onde eu sei sobre a defini√ß√£o de casal e um macho e uma f√™mea üòÇ pouca vergonha isso,0,2023-04-20T14:46:02Z
6,@PatientTeacher,"Homofobia o caramba! Ningu√©m √© obrigado a apoiar movimento nenhum! Queria ver se fizessem comercial com o Padre Marcelo, se os gays comprariam por esse motivo, ou tirariam sarro. N√£o se esque√ßam que o Jean Wyllys debochou da B√≠blia, e n√£o falaram em intoler√¢ncia religiosa.",1,2023-04-19T06:21:42Z
7,@bsp_v2694,ü¶Ñ,0,2022-11-27T02:42:18Z
8,@natanzinhovideos2089,"Vendi o meu 2008, troquei por um punto 2009 kkkkkk",0,2022-11-20T18:19:33Z
9,@ShowdaterraTerra,Deus me livre usar esse carro. <br>Que todos os amantes do homossexualismo comprem<br> esse carro maldito.,0,2022-11-04T16:38:11Z
10,@brkscat92,Kkkkkkk os cara s√£o t√£o fr√°gil que n pode ter uma fotinho de gente gay usando o carro que j√° fica em choque,0,2022-10-08T05:50:26Z
11,@suellenprimadonna6134,"√â estranho isso vim de um pais que mais consome material pornogr√°fico gays e transexuais no mundo,em contrapartida,√© o que mais mata homossexuais.Isso √© frustra√ß√£o por n√£o ter culh√£o o suficiente pra se assumir e tem raiva dos que tem coragem ou n√£o √© galera?",2,2022-08-20T02:01:21Z
12,@toyboyS24,"<a href=""http://www.youtube.com/results?search_query=%23pride"">#pride</a>",1,2022-08-15T01:51:08Z
13,@brunohenry667,RIP POLO,0,2022-07-28T13:58:06Z
14,@pedro_dossantos,By: Tola,1,2022-07-27T19:21:09Z
15,@pedropennutt877,vai polo!!!,1,2022-07-27T15:28:07Z
16,@andersonpereira7042,KKKKKKKKKKKKKKKKKKKKKKKKKKKKKKKKKKKKKKKKKKKKKKKKKKKKKKLKKKKKKKKKKKKKKLLKLLKK,0,2022-07-10T20:48:50Z
17,@joelbragamesquita4869,"Est√° reclamando ataque na fam√≠lia dele(,pare e pense um pouco,)se todos fossem gays como eles querem,onde estariam as fam√≠lias,visto que homem com homem ou mulher com mulher n√£o tem como o ser humano se multiplicar,logo o verdadeiro ataque as fam√≠lias √© querer mudar o curso natural da vida",0,2022-07-09T01:17:35Z
18,@jeffersonvasconcelos2052,Imagine se fosse com o Golf.,0,2022-07-02T16:39:49Z
19,@hpd1977,O comercial √© uma merda ü§Æü§Æü§Æü§Æ,0,2022-06-28T21:23:03Z
20,@hugo220494,Kkkkkkkkkkkkkkkkkkkk,0,2022-06-19T02:06:06Z
21,@saferoomjogos7931,"Acho injusto, o polo e um bom carro quase n√£o troca √≥leo e ingata r√© f√°cil.",0,2022-06-17T21:19:01Z
22,@andersonmartins5791,Reza a lenda q motoristas de polo cansados de ser zoados Migraram pra Fiat.,0,2022-06-17T18:44:40Z
23,@canaldEpressao_1995,Aiiiin negaaa vou comprar minha onica,0,2022-06-15T15:07:49Z
24,@henriquepaulo5246,"Carro √© carro, n√£o deveria haver uma rotula√ß√£o para este ou outro grupo, o erro foi da estrat√©gia de marketing querendo pol√™mizar. Deveria haver uma imparcialidade.",0,2022-06-15T11:32:25Z
25,@jhennydi2034,T√°...e da√≠?,0,2022-06-14T15:09:58Z
26,@muriloribeiro7471,"uol, vcs se enterraram vivos!",0,2022-06-14T02:01:20Z
27,@brauliodearaujocaldas3902,N√£o acredito que algu√©m tenha atacado os atores da propaganda. Pqe ele est√° escondendo o rosto se &quot;todo mundo&quot; j√° viu o rosto do casal gay e pode ver a hora que quiser. Duvido muito que os familiares tenham sido agredido tbm. Ano de elei√ß√µes e uma tentativa desesperada de atrapalhar a reelei√ß√£o do Mito. Quiseram lacrar agora aguenta os resultados. Deus proteja as fam√≠lias.,0,2022-06-13T20:27:25Z
28,@wederdaniels1869,"A cada 1 hora no Brasil os donos de polo sofre bullying, parab√©ns aos envolvidos!üëèüëèüëè",11,2022-06-13T02:47:18Z
29,@rodcast4395,E o premio hipocrisia da midia suja q nao cansa de passar vergonha vai para..... empate tecnico,1,2022-06-12T21:40:00Z
30,@JuliusCOFRE,Queria eu ser chamado de gay andando num Polo 0 km. Mas tenho que continuar sendo o mach√£o andando de motinha e tomando chuva :(,1,2022-06-10T16:31:18Z
31,@RonaldexRDBrown,Toda opini√£o ao contr√°ria √© um &quot;ataque&quot; toma vergonha UOL üéØüéØ,1,2022-06-09T13:27:27Z
32,@luizsouza4216,N√£o compro um carro desse nem por metade de pre√ßo .,0,2022-06-09T11:54:57Z
33,@jucianojuciano8895,Olha  n√£o  √©  normal perante a natureza e nem  perante a religi√£o.  N√£o vem dizer que √©  normal  os amigos e parentes  aceitam mas duvido que no seu √≠ntimo concordem resumo e uma vergonha mesmo eu n√£o  compraria um Polo.,0,2022-06-09T10:04:00Z
34,@augustocesar7358,"Kkk , desenhando...<br>Como dizia saudoso  clodovil. <br>Vc n√£o expor sua vida p ningu√©m , guarde  p vc e o que acontece entre quatro paredes  fica l√°. Ningu√©m quer saber o que  vc faz.<br>SIMPLES ASSIM.üëç",0,2022-06-09T09:27:42Z
35,@andrealisonleao2129,ü§Æü§¢ü§Æü§¢,0,2022-06-08T12:56:52Z
36,@marciofantinelli7460,UOL sendo UOL.,0,2022-06-08T05:40:37Z
37,@edivancardoso741,Kkkkkkk‚Ä¶‚Ä¶ kkkkkk,0,2022-06-07T20:18:32Z
38,@gilsonaraldi32,KKKKKKKKKKKKKKQUE LACRA N√ÉO LUCRA!!!!!!!!!!!,1,2022-06-07T00:43:53Z
39,@carloscarudo,"Nada contra o p√∫blico LGBT, mais ningu√©m avisou que esse carro era para homossexual, meu amigo comprou e agora vai processar a Volkswagen porque n√£o consegui vender o carro, tem muitos vendendo na olx, o problema que se o carro era para o p√∫blico LGBT, a Volkswagen tinha que avisar antes, porque rotular o carro depois que as pessoas compraram e engana√ß√£o ent√£o cabe processo a√≠, se era um carro a esse tipo de p√∫blico LGBT, tem que avisar antes da pessoas comprarem, todos tem direito de escolher o que vai comprar, isso √© errado, agora meu amigo que comprou esse ve√≠culo n√£o est√° conseguindo vender o seu carro, e agora ele vende para quem ? Isso n√£o tem cabimento.",4,2022-06-06T00:53:47Z
40,@ritacosta2048,"√â l√≥gico que se entenda que qualquer mensagem passada pra sociedade, que venha a chocar a maioria, tenha a repercuss√£o e a resposta tamb√©m √† altura‚Ä¶. Nada mais normal‚Ä¶.",1,2022-06-05T14:26:44Z
41,@brucepinto2395,"√â um avan√ßo perder 15 a 30 %, do valor de mercado, parab√©ns .",1,2022-06-05T11:20:37Z
42,@deusgrande3105,Ser√° o carro da Globo,1,2022-06-03T04:15:11Z
43,@oexercitodemaria,Abalo emocional kkk cada loucura que gente ve kkkk  olha esse jornalista que imundice kkkk,1,2022-06-03T03:59:21Z
44,@isrcavalcante,üòÅüòÅüòÅüòÅüòÅüòÅüòÅüòÅüòÅüòèüëç,0,2022-06-03T03:17:48Z
45,@precisodeferiascomrogerio,"Tem que chamar a aten√ß√£o pela polemica, porque se for pelo carro. Pelo amor.. verdadeiras carro√ßas..",1,2022-06-02T21:07:32Z
46,@aprendiz5861,Quem lacra n√£o lucra !,1,2022-06-01T23:46:35Z
47,@pauloleal3036,"ü§Æü§Æü§Æü§Æ <a href=""http://www.youtube.com/results?search_query=%23lacrob0stas"">#LacroB0stas</a>",0,2022-06-01T15:59:19Z
48,@vagnersilva103,Polo s√≥ queima √≥leo? ü§£ü§£ü§£ü§£ü§£üëâ,1,2022-06-01T06:25:32Z
49,@vagnersilva103,Temos problema com novo Polo se vc roda 1 semana com ele solta rodinha ü§£ü§£ü§£ü§£ü§£ü§£ü§£ü§£ü§£ü§£,1,2022-06-01T06:23:00Z
50,@vagnersilva103,ü§£ü§£ü§£ü§£ü§£ü§£  agora lacra e lucra com novo poly ü§£ü§£ü§£ü§£ü§£ü§¶‚Äç‚ôÇÔ∏èüí©üí©,1,2022-06-01T06:21:46Z
51,@duducksp,O Brasil est√° regredindo! Nunca se tornar√° uma Alemanha!,1,2022-06-01T04:08:03Z
52,@BRUNOBARBOSA1995,Brasil √© um pa√≠s pobre e doente !,1,2022-05-31T20:25:18Z
53,@wagnerluiz8613,"s√≥ sei q quem comprar um e n√£o for gay vai sofrer zueiras.amigos n√£o perdoam <a href=""http://msm.eu/"">msm.eu</a> sou um.c algum amigo meu comprar ja vou falar q ele esta queimando a rosca.zuar o amigo n√£o √© homofobia.quem eu nao conhe√ßo n√£o zuarei √© claro.respeito quem da o jil√≥.",1,2022-05-31T16:09:39Z
54,@mrximoveisea,Que üí©,1,2022-05-31T14:11:03Z
55,@claudiasayuri1534,"S√≥ sei que os valores est√£o invertidos, como se fosse o certo.",1,2022-05-31T00:26:57Z
56,@tittomarazzisofaleiaverdad1562,HAHAHAHAHAHHAHAHAHAHAHAHAHAHHAHAHA!,1,2022-05-31T00:23:49Z
57,@METALIZON,Quem n√£o quiser eu t√¥ aceitando doa√ß√£o de Polo. Receba,1,2022-05-30T12:46:35Z
58,@eduardoposgraduado,Acho q algum estagi√°rio vai ser demitido,1,2022-05-29T20:04:14Z
59,@KlausPixelGames,Esse pretin da testa oleosa sempre querendo lacrar üòÇüòÇüòÇ,1,2022-05-29T17:44:57Z
60,@tigreinfernal6661,"Motor do Polo v√™m fundido de f√°brica.<br>Podem usar a vontade militantes da UOL, estou fora.",1,2022-05-29T14:39:49Z
61,@marcelocampos3466,Se a b√≠blia diz n√£o a mulher com mulher e homem com homem ##,0,2022-05-29T12:54:10Z
62,@marcelocampos3466,Queimo o carro nem chego perto fama pra vida toda,0,2022-05-29T12:47:11Z
63,@aleksanderalek8564,Kkkkkkk<br>Polo n√£o pola..<br>Kkkkkkkk,2,2022-05-29T11:56:23Z
64,@euromartins7654,Um casal de gay..no  GOL<br>Agora qual marca vai ser do casal d l√©sbicas.ü§îü§î,0,2022-05-29T00:01:52Z
65,@euromartins7654,Essa propaganda foi criada por gays .o que vcs queriam q eles colocarem casais normais ..todo tipo de trabalhos hoje em dia <br>Est√£o cheio de gays..t√° dif√≠cil saber quem e homem.. Mais.Ficou üí©n√£o gostei...,0,2022-05-28T23:58:35Z
66,@ayrtonmonteiro7745,"pelos coment√°rios odiondos, eu agrade√ßo milh√µes de vezes ter sa√≠do do Brasil, vcs tem uma mentre muito antiquada.",0,2022-05-28T20:47:21Z
67,@ToninhoCaipira,O Polo realmente queimou o virabrequim ü§¶üèª‚Äç‚ôÇÔ∏èü§£ü§£ü§£,0,2022-05-28T17:15:23Z
68,@andreydiga22,Lacra√ß√£o,0,2022-05-28T13:28:08Z
69,@ericoyokoyama1,"Novo Poly, Uol! Ai qie del√≠cia de carro cara!",0,2022-05-28T01:15:03Z
70,@ericmartins8448,"J√° √© um carro bosta, de pl√°stico, rotulado de tchola, a√≠ ent√£o n√£o rola.",0,2022-05-27T21:32:28Z
71,@marcossouzamedeiros959,Acabaram com o polo lament√°vel!!!   N√£o c falou nada do carro o q mais importa para os consumidores n√£o compro mais carro da V W vai c fude n√£o sou obrigado a aceitar e ponto final cada um cada um mas generalizar um carro com prefer√™ncias sexuais vai c fude VW,0,2022-05-27T17:25:01Z
72,@ojoaojotta,N√£o quero nem de gra√ßa,0,2022-05-27T16:08:50Z
73,@Nelson-vd4ku,Idiotice,1,2022-05-27T15:13:05Z
74,@newtoncarlos3408,Novas conex√µes kkkkkk,1,2022-05-27T09:24:20Z
75,@vaniolemosnunes8025,E o que e mano.,0,2022-05-27T00:29:17Z
76,@thiagoaugusto9467,"Ouvi dizer que esse Polo, com pouca quilometragem j√° come√ßa a soltar a roda üòè<br><br><br><br><br><br><a href=""http://www.youtube.com/results?search_query=%23quemlacranaolucra"">#quemlacranaolucra</a>",0,2022-05-26T15:32:47Z
77,@wagnersales9398,"Eu acredito que uma grande parte dos coment√°rios s√£o zueira o , Brasileiro gosta de fazer piada com tudo da√≠ vem um rep√≥rter de posta fazendo um drama pra ganhar audi√™ncia",0,2022-05-26T11:46:19Z
78,@leandrofraga8201,Quem liga pra essa porcaria de carro caro e simples,0,2022-05-26T11:10:56Z
79,@motoraiz7150,"Bem feito para esses lacradores, isso √© bom para eles aprenderem a respeitar a fam√≠lia brasileira",1,2022-05-26T03:33:48Z
80,@bernistain,Um amigo meu vendeu o polo dele 20/21 ü§£ü§£ü§£ü§£ü§£ü§£ ta atr√°s de outro carro! ‚ÄúDisse que ele n√£o ia andar nem ser zoado por causa de carro de baitola‚Äù ü§£ü§£ü§£ü§£ü§£ü§£ me acabei de rir ü§£ü§£ü§£ü§£ü§£,1,2022-05-26T00:44:30Z
81,@abnerfranco89,"A propaganda √© tranquila, querem deixar o Polo para o p√∫blico Gay, simples. Quem quer comprar compra, quem n√£o quer, escolhe outro modelo. Se vai funcionar ou n√£o, n√£o sei.<br>Agora uma Argentina que enganou alguns s√≥cios Argentinos, diz: esses bolsonaristas toscos e burros....para grande m√≠dia √© liberdade de express√£o. Depois que cancelam o restaurante dela, mostram os podres existentes, chamam de ATAQUES. Lament√°vel essa m√≠dia falida....<br>Ainda bem que a maioria dos brasileiros n√£o acreditam mais na maioria delas.",1,2022-05-25T23:04:29Z
82,@danieldan6713,Kkkkkkkkkkkkkkk,0,2022-05-25T22:21:04Z
83,@nomadesagenciadigital7580,O que uma pessoa ganha atacando a outra? Isso √© que eu n√£o consigo entender.,1,2022-05-25T19:29:59Z
84,@Elias.9622,Oportunidade de compra Polo barato kkkkl,0,2022-05-25T16:42:43Z
85,@theconomist,Problema do Polo √© que ele solta a rodinha kkkkkk,0,2022-05-25T16:10:08Z
86,@karllusbarber,"Quem lacra ,n√£o luuucraaa!!",0,2022-05-25T15:56:28Z
87,@veganosantossilva1340,"Voc√™ tem meu apoio caro jornalista.<br>Mas, n√£o compraria esse carro...<br>Valeu e boa sorte garoto üëçüëçüëç",1,2022-05-24T23:56:03Z
88,@MARCELORODRIGUES-igd2mro,essa m√≠dia maldita n√£o perde tempo mesmo l√≥gico que v√£o cair matando em cima da merda do outro kkkkk,0,2022-05-24T22:01:02Z
89,@madsonweleson7724,Est√° depravado essa merda,1,2022-05-24T19:54:39Z
90,@lucascintra8410,Esperavam o que? A propaganda tem que focar no produto e n√£o no p√∫blico em si. A quest√£o √© que o ve√≠culo ficou carimbo de carro para gay.,0,2022-05-24T17:19:20Z
91,@marcosrobertoborgesmiranda1936,Que bosta,0,2022-05-24T14:19:30Z
92,@alexsandrolugli8034,√â uma piada ter que engolir isso ....,0,2022-05-24T03:32:24Z
93,@Ocomentador6969,"Ofendeu, foi ofendido...fim",0,2022-05-24T01:55:59Z
94,@sincerosc,"O problema √© o carro ficar estigmatizado e quem possuir um ser confundido com gay, √© como ter um carro que diz se vc √© bolsonarista ou lulista, preconceituoso, racista ou algo que te cause problemas, como √© Brasil √© capaz dos motoristas s√≥ virarem piada mesmo j√° que do lado da minha casa tem uma pastelaria chamada KKK e o povo s√≥ brinca, ningu√©m pensa que o dono √© membro de algum clan de fato.",0,2022-05-24T01:54:24Z
95,@kerlisonenzo67,onde vamos parar meu Deus,0,2022-05-24T01:26:01Z
96,@tete9664,gay kkkkkkkkkk,0,2022-05-23T23:25:20Z
97,@aparecidojoaodasilva4682,N√£o compro polo mais,0,2022-05-23T22:45:20Z
98,@alessandrocunha8105,ai que delicia gente adorei o novo Polo compre gente vcs vai amar uiui,15,2022-05-23T14:22:17Z
99,@dionesantos6239,Era o tempo que as f√°bricantes de carro pensava em fazer carro .,14,2022-05-23T12:35:42Z
100,@dionesantos6239,"Na Alemanha o comercial √© bem diferente <br>Donos de polo kkkkkkkkkkk <br><a href=""https://www.youtube.com/watch?v=XMD2DMVHSvQ"">https://youtu.be/XMD2DMVHSvQ</a>",0,2022-05-23T12:33:35Z
101,@morfobide,"Volks foi muito bem nessa campanha!!<br>Com certeza ter√° outras. Polo t√° vendendo igual √°gua, d√° pra ver o tanto de an√∫ncios. Kkkkkkkkkkk",4,2022-05-23T11:16:39Z
102,@filipemello6755,Hahahahahahahahahaha...,0,2022-05-23T10:36:51Z
103,@bruno2095,"Rid√≠culo o brasileiro se preocupar tanto com a vida alheia. Cada um tem a sua vida, se voc√™ quer namorar uma mulher ok, se quer namorar um homem ok, cada um tem sua escolha, quando voc√™ vive em sociedade voc√™ √© obrigado a respeitar todas as diferen√ßas. Tanta coisa importante para se preocupar e vem se preocupar com isso ‚ùì",0,2022-05-23T06:21:31Z
104,@tgsantos44,"Eu ia comprar um Polo,agora vou comprar um carro de macho!",0,2022-05-23T03:30:52Z
105,@marlonrr1834,Queimaram o carro kkk,0,2022-05-23T03:19:01Z
106,@pedrocarloslaufferneto4189,no final do papo.... escola √â pra ensinar matematica geografia...etc....EDUCA√á√ÉO DEVE A FAMILIA....,0,2022-05-23T02:14:15Z
107,@sodepassagem9687,Quem lacra n√£o lucra... Fato!,0,2022-05-23T00:25:07Z
108,@alisxandrade3950,"Na boa o comercial ficou rid√≠culo, poderiam ter feito de outra forma. Meu da muita margem pra piada....o cara beijando com o p√© levantado eu quis morrerüòÇüòÇüòÇüòÇüòÇ",0,2022-05-23T00:21:53Z
109,@leoschiavonlondres,"Acho que independente da posi√ßao das pessoas em rela√ß√£o ao comercial,  os atores nao deveriam sofrer hate, eles s√≥ estavam trabalhando e nao tem  culpa de a Vw querer fazer essa propaganda.",3,2022-05-22T21:19:18Z
110,@fabiofernandes4135,"L√° vem com esse papo rid√≠culo de homofobia e bla bla bla, esse povo n√£o entende, quem lacra n√£o lucra, t√° a√≠ a prova.",0,2022-05-22T19:53:21Z
111,@selmacardoso5887,"Alguns est√£o for√ßando demais,enfiar por cuela a baixo, situa√ß√£o sobre o carro P√≥lo!Motivo de zoa√ß√£o!",1,2022-05-22T19:35:02Z
112,@emanuelmagalhaes6039,Ooooooooooo,0,2022-05-22T19:12:07Z
113,@antoniomonteiro2982,VW  vai ter q volta com o Gol pq o polo j√° era üòÖü§£ü§£ü§£ü§£,0,2022-05-22T18:55:17Z
114,@DelvanEdson1,Quem lacra n√£o lucra. J√° vendi o meu. √â uma escolha minha.,1,2022-05-22T18:43:35Z
115,@Gabriel97428,"N√£o sei o porque mas acabaram com a valoriza√ß√£o do carro com essa zoeira do pessoal, estava vendendo o meu 2020 antes de lan√ßarem esse comercial e j√° tinha uns contato, simplesmente os maluco desistirem e uns querem pagar bem menos do que vale na fipe.",0,2022-05-22T17:15:05Z
116,@edmariopereira5355,Meu primeiro namorado tinha um carro Polo. Eu amei o comercial... Senti saudades do meu ex namorado e do carro. Fui muito feliz ‚ù§Ô∏è,1,2022-05-22T15:02:29Z
117,@diogozecao6077,Fico triste pq √± considero homossexualismo evolu√ß√£o. Mas √± tenho nada contra a op√ß√£o sexual de cada um.,5,2022-05-22T14:23:04Z
118,@paulobenevides7705,nunca gostei do Carro Da Volkswagen. <br>agora que nao compro mesmo üòÖ,0,2022-05-22T14:00:05Z
119,@elanan9902,"A homof√≥bia est√° estampada, basta ler os coment√°rios que temos provas disso.",0,2022-05-22T13:03:56Z
120,@LeandroC.,"√â simples os donos de Polo que s√£o conservadores, n√£o se sentem representados a esse tipo de campanha, a Wolks fez igual a Magazine Luiza, deu um tiro no p√©, querem lacrar, e quem lacra n√£o lucra! resultado mais de 40 mil Polys anunciados no Olx. Fica como um recado pra empresas que querem lacrar.",0,2022-05-22T12:56:30Z
121,@wandersondejesussantos949,Ao lado do marido dele kkkkkkkkk que fala mas ridiculo,0,2022-05-22T10:19:49Z
122,@rafsccp,J√° troco o anel do seu polo ?,0,2022-05-22T09:50:47Z
123,@AlexandreSilva-en2ng,A VW deu um tiro no peito!,4,2022-05-22T09:44:40Z
124,@GabrielFMota,Polo Gay sksksksksksk,0,2022-05-22T02:19:34Z
125,@MBSrs,"Particularmente acho que a VW errou no Marketing, parece que coloca o modelo exclusivamente ao p√∫blico LGBT.... Acredito que a marca deveria ter feito comercial incluindo todo tipo de p√∫blico. A n√£o ser que ela tenha feito propositalmente com foco exclusivamente ao p√∫blico LGBT devido as baixas vendas do modelo e a esse p√∫blico ter renda.<br>√ìbvio que se deve ter respeito a toda e qualquer pessoa, mas a zoeira sem ofensas acredito que seja sadia...no Brasil tudo vira zoeira.",1,2022-05-22T01:58:58Z
126,@jhowjhow2013,"O carro deveria ser abastecido por tr√°s, abrindo a tampa do porta malas e enfiando a mangueira! <br>Kkkkkkk<br>Por favor gente, at√© onde vai a lacra√ß√£o? O que mais vai ter agora? Vers√£o depilada?<br>E o pre√ßo da vers√£o mais b√°sica dessa merda respeita alguma coisa????<br>Haaa V√£o pro inferno!<br>Esse √© o tal do &quot;mini Golf&quot; assim como o Kwid √© o &quot;SUV dos compactos&quot;. ü§¶üèø‚Äç‚ôÇÔ∏è",2,2022-05-22T01:05:04Z
127,@jonasborges7247,Q nojo ü§¢ü§Æ,1,2022-05-22T01:03:15Z
128,@goncalves3150,Troco um ve√≠culo üöó Polo em um patinet   n√£o acho rolo que merda,0,2022-05-21T23:55:55Z
129,@marceloaugusto6725,Mimimi mimimi mimimi,0,2022-05-21T19:27:30Z
130,@marcoscavalcante6355,Quem lacra n√£o lucra,0,2022-05-21T18:34:08Z
131,@franklacerda1129,N√£o √© polo √© pole,0,2022-05-21T17:21:40Z
132,@quesaudadesdedeus7701,Ataques: opini√£o na Maioria das vezes,0,2022-05-21T17:00:06Z
133,@quesaudadesdedeus7701,Eu tenho um up kkk<br>Ainda bem.,0,2022-05-21T16:53:46Z
134,@ribeirobrsp,UOL sempre contra o Brasil!,0,2022-05-21T16:46:55Z
135,@leticiaoliveira8378,"Nada contra os casais Gay mas essas empresas lacradora e querendo empura guela abaixo ? Tem que levar na tarraqueta mesmo, s√≥ que as pessoas tanto Gay qto H√©tero n√£o perceberam a jogada ? Pelo amor de Deus tudo isso pra nos dividir em grupo pra n√≥s tornarmos fracos, assim eles avan√ßam com sua agenda imunda, mas os primeiros a ciar nesse engano s√£o os que mais s√£o usados os GAYS .",0,2022-05-21T16:45:41Z
136,@ribeirobrsp,Empresas aprendam. Quem Lacra n√£o Lucra!,0,2022-05-21T16:44:35Z
137,@ribeirobrsp,"Comprei um VW/Polo sem saber, quando vi a propaganda devolvi! N√£o quero ser alvo de zueira!",0,2022-05-21T16:42:01Z
138,@leonybarbosa5783,"Ai pai para! Se o carro √© para rapazes que gostam de rapazes, nada melhor que vender para o p√∫blico alvo. √önico problema √© que quem lacra, n√£o lucra e o carro que estava entre os 20 primeiros em venda, virou o que menos vende... Creio que o p√∫blico alvo n√£o seja t√£o grande assim...",9,2022-05-21T15:42:18Z
139,@marcolamarcos4820,√© muita frescura,0,2022-05-21T14:46:27Z
140,@nelsonbomfim5137,Muito mimimi vai te lascar.,0,2022-05-21T13:14:00Z
141,@rafaelkurosaka8494,Carro da rodinha solta....,0,2022-05-21T12:12:18Z
142,@anapaulapereiraangelodasil1903,Site esquerdista lacrador kkkkkk pode fica com todo polo pra vcs kkkkk,0,2022-05-21T10:44:08Z
143,@robsoncampos5070,"Rid√≠cula foi essa propaganda e essa entrevista, isso sim.",0,2022-05-21T08:59:44Z
144,@simonedecastroromero617,"Afff, v√£o se catar...",0,2022-05-21T07:46:48Z
145,@simonedecastroromero617,UOL !! rsrsrsrs,0,2022-05-21T07:42:45Z
146,@AntonioFerreira-xi2mf,Q tiro no p√© q a vw deu kkkk lacrou se lascouuuu kkkkkkkk,2,2022-05-21T04:14:29Z
147,@_mastah,PROPAGANDA VW √â UM ATAQUE HOMOSSEXUAL AOS H√âTEROS.   Verdadeira Reportagem!!!,0,2022-05-21T04:05:30Z
148,@JLGavioli,"Sugiro que o Uol se posicione tamb√©m com a propaganda do Polo na Alemanha, pois a Vw sempre fala sobre posicionamento global, ou seja o que ela  idealiza fora tambem vale aqui.",10,2022-05-21T03:09:13Z
149,@deniselima8352,"A viol√™ncia n√£o tem preconceito, heteros,gays, brancos , negros infelizmente todos s√£o v√≠timas.",1,2022-05-21T01:55:39Z
150,@gustavonazireu,Grande bosta de campanha..,0,2022-05-21T01:29:28Z
151,@jonatanpereira9727,üòÇüòÇüòÇüòÇ,1,2022-05-21T01:18:50Z
152,@Amandas2jack,O comercial do polo na Alemanha √© bem a cara do Brasil,3,2022-05-20T23:27:55Z
153,@Amandas2jack,"Todo esse alvoro√ßo a√≠ s√≥ refor√ßa a merda de momento q vivemos.... Na pol√≠tica, o cidad√£o de bem, o que retem os valores crist√£os....a fragilidade masculina o patriarcado q fazem do ser humano um grande amontoado de lixo",2,2022-05-20T23:26:45Z
154,@SandraSantos-lk6sw,S√≥ √© vender pra turma dele!,0,2022-05-20T22:28:31Z
155,@Guilherme-SV,"Tenho at√© medo de chegar perto, se falar &quot;Buuuu&quot; √© ataque, se olhar √© estupr0... Se ignorar √© viol√™ncia psicol√≥gica. Nem guaxinim raivoso √© t√£o perigoso.",2,2022-05-20T22:24:05Z
156,@murijiujitsu,Esse polo s√≥ tem marcha r√© üòÇüòÇüòÇüòÇüòÇ,0,2022-05-20T21:48:13Z
157,@Augusto0088,√â mto drama n√£o,0,2022-05-20T21:32:29Z
158,@emanuelgomes5198,"Bem feito, agora vai enterrar esse carro de vez",0,2022-05-20T21:10:06Z
159,@hermes6202,Kkkk bem feito,0,2022-05-20T20:37:29Z
160,@wagnersantos7035,"Fiquei sabendo que a Volkswagen vai lan√ßar a caminhonete Amarika, √© verdade?",1,2022-05-20T20:16:34Z
161,@adelio3778,Cara o brasileiro n√£o √© minorias ü•± o povo n√£o perdoa o Brasil √© h√©tero üáßüá∑üáßüá∑üáßüá∑üáßüá∑üáßüá∑,20,2022-05-20T16:46:23Z
162,@novaera6761,Por isso o boz√≥ vai ganhar por causa dessas merdas,0,2022-05-20T16:20:40Z
163,@novaera6761,Ataques homof√≥bico? Essa Uol e muito lixo,0,2022-05-20T16:19:39Z
164,@guilhermenunes6522,"Piada n√£o √© ataque, nenhuma orienta√ß√£o sexual est√° isenta de piadas e nem tem o direito de censurar a livre manifesta√ß√£o do humor",3,2022-05-20T16:06:36Z
165,@GabrielSilva-gr2tw,"Ainda bem q n tenho polo, q nojo",1,2022-05-20T13:26:11Z
166,@zemanoshtronz,"Nos anos 70/80 as grandes apostas das ag√™ncias de marketing eram as  vincula√ß√µes das imagens de garotas de biqu√≠ni √†s cervejas, ou cenas de a√ß√£o e esportes radicais com cigarro! Desde essa √©poca, a sociedade criticava esse tipo de associa√ß√£o, por√©m, as vendas (e o v√≠cio) justificavam a persist√™ncia. Atualmente, n√£o existe mais propaganda de cigarros (vetada por lei) e cervejas, s√≥ as vemos patrocinando eventos! Ficou claro que associar um nicho, um gosto, uma, tend√™ncia... √â, atualmente, motivo de rea√ß√µes que tornam-se virais e geram os famosos memes! Portanto, n√£o √© homofobia que est√° acontecendo e sim &quot;memofobia&quot;: Coisa de brasileiros &quot;troladores&quot;!",1,2022-05-20T12:05:56Z
167,@Nechayev_mikh,ü§Æ,0,2022-05-20T10:08:04Z
168,@sejaoseumelhorsempre2552,Ataques homofobicos?eita midiazinha nojenta que nunca muda n√©!!üòÇüòÇüòÇ,0,2022-05-20T09:01:54Z
169,@JoseRodrigues-hl1pp,Kkkkkkkkkkkkkkkkk,0,2022-05-20T07:32:08Z
170,@michaelrogerio5517,"Rid√≠culo como esse comercial essa reportagem tamb√©m rid√≠cula, esse e o maior problema vcs est√£o na educa√ß√£o e acham que todos tem que ser como vcs o Diego deveria ser crime tamb√©m ver um gay enfiando uma cruz na bunda mas isso n√£o e crime vcs querem lacrar mas n√£o v√£o conseguir todos tem o mesmo direito vcs querem privil√©gios.<br>Veja as estat√≠sticas quantas pessoas n√£o gay morrem  por hora vc e ningu√©m fala nada mas morre um gay e o fim do mundo.",0,2022-05-20T04:43:22Z
171,@thiagosoares2940,"&quot;Ain eu nao concordo &quot; e quem se importa? V√° trabalhar e pagar suas contas, usar &#39;deus&#39; n√£o justifica nada Chora preconceito",3,2022-05-20T02:34:19Z
172,@BigornaMadruga,"Quem &quot;Lacra, n√£o Lucra!&quot;",0,2022-05-20T02:10:53Z
173,@alguma2657,ü§Æü§Æü§Æü§Æ,0,2022-05-20T01:39:27Z
174,@adilsonarantesaparecidoara7683,"o que tem na cabe√ßa desses estagiarios  da vw ? , como dizia o olavo de carvalho :&quot;  √©ssa gera√ß√£o esta perdendo at√© a capacidade de pensar  &quot; .",0,2022-05-20T00:21:07Z
175,@taynabb2011,Quero ver  a representatividade da minoria comprar kkkkkkkkkkk,0,2022-05-19T23:56:32Z
176,@diego-azarel7875,Voc√™s s√£o rid√≠culos&quot; destru√≠ram um carro  tudo pela lacra√ß√£o&quot; nunca v√£o ser aceitos desse jeito&quot; tudo o que v√£o conseguir √© tornar o Brasil igual os emirados √°rabes,2,2022-05-19T23:38:10Z
177,@stonks22,"Vendo wv Polo urgente, pre√ßo abaixo da tabela.",0,2022-05-19T23:35:35Z
178,@nahtansilva8425,Vou vender o meu agora,0,2022-05-19T23:02:35Z
179,@TheMrCHELL,"Kkkkkkkkkkk<br>Desculpa, mas n√£o d√° pra n√£o rir.ü§£ü§£ü§£",2,2022-05-19T21:18:27Z
180,@fdteammma2704,Os caras distruiu meu sonho,0,2022-05-19T20:34:32Z
181,@garotoderecado8234,Absurdo fazerem um comercial escroto desse. Ofendeu a familia de todo mundo que tem um carro assim <br>&quot;&quot;&quot; VOLKS NUNCA MAIS &quot;&quot;&quot;,2,2022-05-19T19:51:03Z
182,@prontofalei910,Desvalorizaram meu carro. Puta que pariu...,0,2022-05-19T19:18:19Z
183,@henriquedefreitas7126,"√â so a galera LBGTI+^&gt;O*Hcsfdtq YT#%$¬® comprar os Polos a venda, j√° era",0,2022-05-19T17:51:20Z
184,@wellingtonbraz160,O homem sente ofendido quando chamado de gay. Ningu√©m vai querer comprar esse carro agora.,4,2022-05-19T17:47:34Z
185,@maxwellnelson673,Kkkk,0,2022-05-19T13:43:47Z
186,@leonemascarenhas5229,Sempre que voc√™ isola uma classe da nisso <br>Empresas n√£o podem isolar classes para vendas <br>O resultado √© esse. Infelizmente!,0,2022-05-19T13:17:14Z
187,@gms021116,N√£o tenho nada contra os gays e companhia.....mas prefiro um carro que combine com meu estilo de vida .,0,2022-05-19T13:10:31Z
188,@WandersonDRami,"Gente, lan√ßa um novo modelo ent√£o e deixa os gays comprar, quem n√£o √© gay e quiser comprar, porra vende o bagulho a anos e d√° uma presepada dessa, o valor do carro vai baixar muito , slk, se os Gays querem ser reconhecidos, os h√©teros tbm preferem serem reconhecidos como h√©tero, respeito resolve",0,2022-05-19T11:20:26Z
189,@RicaOficial_,"Quem lacra n√£o lucra meu chapa, conseguiram acabar com o Polo.",0,2022-05-19T10:01:46Z
190,@rodcast4395,Bom dia a todes.... amei o poly... nao paro de dar r√©...,7,2022-05-19T09:38:16Z
191,@rodcast4395,Aguardando os jornalistas do uol mostrarem apoio e comprar um poly,5,2022-05-19T09:37:33Z
192,@erikevictorio6877,"O novo Polo √© complicado, sempre solta a RODA",62,2022-05-19T05:04:44Z
193,@romarioferreira2648,Zoeira nacional.kkk,0,2022-05-19T04:53:42Z
194,@weslemsouza201,"Uai, mas as pessoas morrem toda hora no brasil",0,2022-05-19T04:02:28Z
195,@paulohenriquefernandes6356,N√ÉO CONCORDO COM ESSE TIPO DE PROPAGANDA. <br>N√ÉO SOU GAY E N√ÉO FICO A VONTADE ANDANTO NESTE CARRO AP√ìS ESTA PROPAGANDA. <br>DESCORDAR DE UMA OPINI√ÉO AGORA VIROU ATAQUE.,0,2022-05-19T03:40:06Z
196,@alessandrobezerradefarias6631,"Os publicit√°rios deram uma aula de como desvalorizar e acabar com um modelo. Quer ser gay que seja, mas pra que fazer uma merda dessas e achar que isso √© normal e uma crian√ßa que ver isso na TV vai pensar o que?",0,2022-05-19T03:17:37Z
197,@hielsantos4267,Se n√£o quiser levar ataque de &quot;homofobia&quot; n√£o ataque a fam√≠lia.,7,2022-05-19T02:56:47Z
198,@samuellefol5906,Kkkkkkk aiiiiiiiiiiiiiiiiiiiiiii que tudoooooooooooooooooooooo cuecaooooooo de couuuuurooooooooooo,0,2022-05-19T02:21:03Z
199,@oscargunia7270,Querem dar o @ fa√ßam isso sem envolver o resto da popula√ß√£o que n√£o concorda com essa desgra√ßa .,0,2022-05-19T00:46:28Z
200,@marcelokonrath4815,"Atacaram as mulheres de biquini em propaganda e agora colocaram essa porcaria no ar? Fala s√©rio n√©? Vamos reclamar tanto quanto atacaram as mulheres em comerciais de cerveja, carros e etc. Lixo de tempos.",1,2022-05-19T00:28:45Z
201,@julianogroia2005,A Peugeot agradece üòäüòäüòä,1,2022-05-18T22:48:57Z
202,@andrerossato5846,"VW vai se orgulhar em ver as vendas do carro decair... v√£o ter que tirar de linha ou mudar o nome do carro por causa de uma bobagem dessas,",0,2022-05-18T22:38:02Z
203,@jhonatainacio,"Que a marca colha o que plantou...<br>N√£o normal a grande maioria s√£o h√©teros, ent√£o que venda seu carro para a minoria da minoria que tem condi√ß√µes de dar mais de 100k num carro nichado como esse ficou... Sem falar no receio das pessoas que com todo direito n√£o querem ser relacionados a um grupo do qual ela n√£o faz parte!",6,2022-05-18T22:04:37Z
204,@adrianogarciaespanhol6721,Kkkk e vergonhoso eu nunca mais compro um carro deste Cruz credo,0,2022-05-18T21:19:20Z
205,@edamin2023,"cara, de verdade, a VW est√° classificando todo o alvoro√ßo e rep√∫dio √† propaganda como homofobia... mas a quest√£o nem √© essa, ou pode at√© ser por um grupo de pessoas, a quest√£o √© identifica√ß√£o do produto com o cliente... eu n√£o sou gay, eles fazem um produto e colam esta associa√ß√£o, ent√£o eu que tenho o direito de ser hetero (acho que tenho direito ainda), n√£o quero o produto... isso √© b√°sico em Marketing...<br>No final da hist√≥ria eles querem lacrar ou querem vender carros? A escolha √© deles, tem muita op√ß√£o de compra por a√≠... Qtos % da popula√ß√£o √© gay? 5, 10, 15, 30%? Ent√£o este √© o nicho de mercado que eles acessar√£o... simples assim...",8,2022-05-18T20:58:46Z
206,@jonathasgueiros2830,"N√£o vi nenhuma mulher nesta propaganda. Casal √© HOMEM e MULHER. Dois &quot;homens&quot; √© par, pareia, junta.",1,2022-05-18T20:15:04Z
207,@sandroaguiar802,Na moral eu n√£o comprei mais . Meu colega comprou um polo GTS achei top !!!! J√° n√£o quero mais . T√¥ fora!!!!!!!!!!,1,2022-05-18T19:55:41Z
208,@sandroaguiar802,O cara falou errado?  Vc n√£o e o gay da propaganda ou n√£o √©? Vc se classifica como hetero ou gay. <br>Normal a pessoa falar olha e a mulher da propaganda e o homem daquela propaganda. <br>Porra o cara falou certo n√£o √© todo dia q tem um casal de gay se beijando em uma propaganda na TV. <br>N√£o quero q meus filhos vejam isso e achem normal. <br>Quando ele crescerem eles decidem e fica com homem ou mulher ponto final,1,2022-05-18T19:46:37Z
209,@allexm.baptista5810,A ofensa ai √© contra os gays... quem √© que deseja um Polo? Carro feio!!!,1,2022-05-18T19:12:08Z
210,@Marcos.Silva7,Esquema √© voltar a andar de monzaü§£ü§£ü§£,2,2022-05-18T18:03:14Z
211,@fabianodias5718,esse comercial √© um absurdo e uma falta de respeito,12,2022-05-18T16:07:22Z
212,@benjaminferreirajunior374,Eu comprei um Polo e me arrependi eu n√£o consegui vender e .tive que comprar um cheverte  . Pra salvar meu casamento. porque o carro polo sai do arm√°rio,13,2022-05-18T14:17:08Z
213,@maurofernando8962,Voc√™s precisam entender: O BRASIL N√ÉO √â GAY!!! Esse comercial sim √© uma ofensa!,8,2022-05-18T14:09:48Z
214,@guerreiro-cx3ci,L√° ele!,0,2022-05-18T12:18:31Z
215,@veganosantossilva1340,"Quem vai querer o carro polo? Acho que nem os gay?<br>Deu ruim com essa propaganda, for√ßar a barra n√£o. Nada contra os gays!",6,2022-05-18T12:01:11Z
216,@nderssem3623,&quot;alvo de ataques&quot; <br>nao senhor   <br>alvo de ZOEIRA esqueceram que aqui √© BR <br>ü§£ü§£ü§£ü§£,69,2022-05-18T11:38:43Z
217,@osakajinomoshiroi,"Ate no nome, os jornalequinhos fizeram parzinho.",0,2022-05-18T10:44:15Z
218,@jefersonvigsp4810,"N√ÉO tem q ter carro h√©tero, Negro, branco oriental, feminino o problema desses esquerda e achar q tem q mostrar oq s√£o",3,2022-05-18T10:06:07Z
219,@byashimanuki7110,VW SEMPRE FOI CARRO DE GAY VEJA O FUSCA AZUL CALCINHA REDONDINHO E COM OLHOS REDONDINHO TODO BUNITINHO EH CARRO GAY KKKKKK... QUE BABAQUICES DE HOJE TENHO SAUDADE DO COSTINHA O CARA ERA FENOMENAL INTERPRETANDO AS BIBAS COM OS ATRIBUTOS CARICATOS E COM A VOZ ROBUSTA E DESMUNHECANDO E FAZENDO CARAS E BOCAS O COSTINHA ERA FENOMENAL!!!,0,2022-05-18T05:36:07Z
220,@musicmi5941,Eu sou totalmente a favor da comunidade LGBTQIA+<br>Eu at√© fiz uma doa√ß√£o de 2 mil reais pra ajudarem eles<br>Espero q encontrem a cura logo,2,2022-05-18T04:43:18Z
221,@mailsoncerqueira1415,Concerteza duilio e gavi√µes v√£o adotar esse carro kkkkkllllllkkkkkkkkk as pavilhona 9,0,2022-05-18T03:35:44Z
222,@mailsoncerqueira1415,Se eu fosse a Fiat metia uma propaganda heterossexual sem do fudeu quero ver n√£o vender,0,2022-05-18T03:34:57Z
223,@hluiz1767,"Uma parte do t√≠tulo diz: &quot;alvo de ataques&quot;.  Toda opini√£o, coment√°rio e repercuss√£o sobre este assunto no Brasil √© intitulado como ataques. Fico imaginando uma propaganda desta no mundo √°rabe ü§î. Como seriam os ataques por l√°?",96,2022-05-18T03:13:20Z
224,@300Thalys,"pq a propaganda na Alemanha n√£o √© igual? n√£o √© homofobia, at√© pq para promover um carro pessoa nenhuma precisa aparecer, s√≥ a voz de algu√©m narrando o que o carro tem e pode fazer, n√£o tem nada a ver com a op√ß√£o sexual de ningu√©m!!!",0,2022-05-18T02:32:44Z
225,@conteudobrasil1000,"Deus criou o homem e a mulher!!! Desaprovado esse comercial, nunca mais compro VW",1,2022-05-18T02:01:38Z
226,@BravoFacas,"Agora todos  jornalistas do UOL devem compar esse carro, para dar exemplo de inclus√£o!",163,2022-05-18T01:43:52Z
227,@electomoba,Comercial pat√©tico e desnecess√°rio. Quem n√£o gostou da minha opini√£o que v√° morar numa ilha isolada com quem concorda com vc. A MAIORIA NAO CONCORDA COM VCS,1,2022-05-18T00:29:00Z
228,@moisesfilho3882,O lance √© que o carro agora ficou conhecido como polo gay agora s√≥ vejo geral vendendo aqui no meu estado,5,2022-05-18T00:25:05Z
229,@electomoba,KKKKKKKKKK QUEM LACRA N√ÉO LUCRAAAA &quot;APREND√É√É√É√ÉOOO!&quot;,1,2022-05-18T00:24:18Z
230,@rgomes3099,Kkkkk polo gay,0,2022-05-17T23:35:48Z
231,@renato7638,Volkswagen acertou em cheio.<br><br>Todo Mundo falando do Carro deles. Publicidade de gra√ßa no boca aboca e mas redes sociais. <br><br>Eu soube atrav√©s de voc√™s. üò≥<br><br>Eu nem estava sabendo da pol√™mica ü§£ü§£<br><br>Os ‚ÄúMacho Alfa‚Äù de Heterossexualidade FR√ÅGIL piram.<br><br>Kkkkkkkk<br><br>V√™ se tem cabimento um MACHO ALFA de verdade igual a mim esta preocupado que outro cara esta DANDO a bunda? Eu estou √© comemorando.<br><br>Muita mulher sobrando. üôÉüòé,0,2022-05-17T23:24:21Z
232,@lucianoleao9333,Homofobia meu ovo,0,2022-05-17T23:19:47Z
233,@lrs9795,Que vitimismo v√£o se fuder,1,2022-05-17T22:46:10Z
234,@juremasales3483,O namorado teclarem Curitiba te metendo galha,0,2022-05-17T22:24:19Z
235,@juremasales3483,Veada,0,2022-05-17T22:23:09Z
236,@julioseabra7684,"troco meu polo por um marea, pago a diferen√ßa kkkkkkkkkkkkkkkkkk",1,2022-05-17T20:46:31Z
237,@adaonei9184,Que mundo √© esse mizericordia ...,0,2022-05-17T20:46:10Z
238,@sheddy2246,"N√£o se deite com um homem como quem se deita com uma mulher; √© repugnante.<br>Lev√≠tico <a href=""https://www.youtube.com/watch?v=VWxRO6YIeBU&amp;t=1102"">18:22</a><br>Por essa raz√£o, o homem deixar√° pai e m√£e e se unir√° √† sua mulher, e eles se tornar√£o uma s√≥ carne.<br>G√™nesis <a href=""https://www.youtube.com/watch?v=VWxRO6YIeBU&amp;t=144"">2:24</a><br><br>N√£o se deixem enganar: nem imorais, nem id√≥latras, nem ad√∫lteros, nem homossexuais passivos ou ativos, nem ladr√µes, nem avarentos, nem alco√≥latras, nem caluniadores, nem trapaceiros herdar√£o o Reino de Deus. Assim foram alguns de voc√™s. Mas voc√™s foram lavados, foram santificados, foram justificados no nome do Senhor Jesus Cristo e no Esp√≠rito de nosso Deus.<br>1 Cor√≠ntios 6:9-11",0,2022-05-17T20:41:47Z
239,@cristianofrancisco4041,"Para que querer direcionar um produto a um certo publico , ficam querendo  separar as pessoas e pronto sem direcionar  p nada , apenas para todos os serem humanos ...<a href=""http://www.youtube.com/results?search_query=%23uollixo"">#uollixo</a>",0,2022-05-17T20:37:47Z
240,@estoudeolho124,Quem lacra n√£o lucra!,2,2022-05-17T20:26:56Z
241,@velhodeitado221,Para<br>hOmem que<br>  Lambe<br>hOmem,1,2022-05-17T19:04:01Z
242,@velhodeitado221,"A quantidade de pessoas anunciando o carro pra venda na OLX aumentou muito. Pessoal t√° querendo se livrar do carro, tiro no p√©",2,2022-05-17T18:55:30Z
243,@velhodeitado221,"Mas pqp, porcaria de propaganda. N√£o pelos rapazes, mas sim como foi feita. Agora o pessoal t√° at√© com vergonha de andar no carro.",0,2022-05-17T18:53:17Z
244,@vicentealves85,"Eu n√£o concordo com a propaganda ,mais sou contra essas agress√µes.",0,2022-05-17T18:20:47Z
245,@jacksilviano3710,A gente deveria ver como ser humano primeiro antes de Criticar.,0,2022-05-17T16:27:55Z
246,@andrealeo-pedagogiacomamor5739,"Diego, me solidarizo com voc√™ e seu esposo.",6,2022-05-17T16:26:25Z
247,@romuloneris1942,Os memes s√£o pra acabar üòÇüòÇüòÇ,0,2022-05-17T16:12:14Z
248,@joes46985,"Kkkkk fazer piada com essa gente √© homofobia, pqp hein. Quem lacra n√£o lucra kkkkkkkk",0,2022-05-17T16:03:33Z
249,@matheustrindade9270,"at√© pra vender um carro os caras tem que carteirar g√™nero, v√° se lascar!!",1,2022-05-17T15:48:48Z
250,@matheustrindade9270,A  Volkswagen t√° de sacanagem meu kkkkkkkkkkkkkkkkkkkkkkkkkkkkkk,0,2022-05-17T15:47:45Z
251,@asdfffffffff2,KKKKKKKKKKKKKKKKKKKK QUANTO POLO VENDENDO NA INTERNET,0,2022-05-17T15:34:13Z
252,@leco8157,"que cara raiz vai querer um carro desses agora, creem Deus pai",0,2022-05-17T15:06:45Z
253,@renanfis,"E eu preocupado pela empresa ter nascido do nazismo, ter apoiado a ditadura, liberado a tortura dos pr√≥prios funcion√°rios dentro das suas instala√ß√µes a partir de suas pr√≥prias denuncia. Al√©m, √© claro, de enganar clientes e governos em processos bilion√°rios nos √∫ltimos anos. Mesmo que n√£o seja pelo mais nobres dos motivos, fico muito feliz com o boicote! Que venha mais!",1,2022-05-17T14:20:13Z
254,@manoelneneu,N√£o sou homof√≥bico mas depois dessa propaganda reparei que toda vez que o Volkswagen polo d√° uma arrancada as roda queima,0,2022-05-17T11:23:15Z
255,@francastreaming7563,Ficou uma bosta,0,2022-05-17T09:54:23Z
256,@andersonsantos2540,Kkkkkkk foi lacrar e sentou kkkkk,0,2022-05-17T09:18:25Z
257,@rodrigogoncalves2399,2022 e ainda √© tabu um casal homossexual aparecer em qualquer contexto. <br>Tem gente que tem tanto medo do diferente que at√© se sente ofendido com algo t√£o normal.<br>Ainda precisamos evoluir muito.,13,2022-05-17T05:59:53Z
258,@Paulojedi,"Cada um faz o que gosta,m√°s tb hj  dia o pessoal for√ßa muito,querer fazer as pessoas entender que isso √© normal e tals,e pedir mesmo!!!<br>N√£o tenho nada contra,quiser chamar de homof√≥bico,foda Se!!!",4,2022-05-17T04:24:57Z
259,@adrianorocha5708,A c√¢mera traseira deve estar melhor ü§£ü§£ü§£,1,2022-05-17T04:06:18Z
260,@nathan9854,<b>Que lacra n√£o lucra querem obrigar os outros a serem homossexual</b>,1,2022-05-17T02:41:35Z
261,@junioramorim2273,A LACRAC√ÉO NAO PODE PARAR . QUE DESGRA√áA,0,2022-05-17T01:23:56Z
262,@tempestadenoturna7663,Vw lixooo e UOL LIXOOOO,0,2022-05-17T01:19:26Z
263,@Emanuelsex1,"Mil comercias com fam√≠lia h√©teras, casais etc e n√£o vi um gay reclamando at√© hoje e nem desfilando √≥dio kkkkk v√£o se tratar",0,2022-05-17T01:04:28Z
264,@danielfreitas3894,"Erraram feio , em fazer essa propaganda  de Merda",0,2022-05-17T00:53:16Z
265,@lucasdasilvadeoliveira361,Novo Patrocinador do SPFC,1,2022-05-17T00:46:42Z
266,@veganosantossilva1340,Pergunta:<br>- Se um jovem LGBT for comprar um ve√≠culo e o vendedor oferecer o polo.... √© preconceito?,61,2022-05-17T00:32:00Z
267,@veganosantossilva1340,"Sem preconceito...<br>- Nunca compraria, simplesmente para fugir da zoa√ß√£o dos amigos...",75,2022-05-17T00:29:15Z
268,@franciscoantonio9027,Carequia,0,2022-05-16T23:07:36Z
269,@franciscoantonio9027,Carequia,0,2022-05-16T23:07:25Z
270,@franciscoantonio9027,Carequia,0,2022-05-16T23:07:19Z
271,@franciscoantonio9027,Carequia,0,2022-05-16T23:07:13Z
272,@franciscoantonio9027,Carequia,0,2022-05-16T23:07:08Z
273,@franciscoantonio9027,Kkklklkkk,1,2022-05-16T23:05:48Z
274,@ajajajajaj236,"Fazer o meme com a empresa t√° beleza, com o carro tbm! Agora, atacar o ator √© sacanagem!",1,2022-05-16T22:41:06Z
275,@tiagotaddei,"&quot;ainnnn √© homofobico&quot; kkkkkkkkkkkkkkkk fizeram de proposito ja esperando isso, engana que eu gosto",0,2022-05-16T22:40:13Z
276,@wildboscoeua,Muito mimimi,0,2022-05-16T22:30:15Z
277,@wildboscoeua,Eh sou gay e acho t√£o desnecess√°rio esse tipo de colar sexualidade com qualquer produto a Volkswagen s√≥ ajudou ainda mais aumentar o distanciamento de pessoas,43,2022-05-16T22:28:24Z
278,@brazilcomz506,"Ia comprar um polo mas desisti, que vergonha esse comercial",0,2022-05-16T20:30:16Z
279,@mabilisouza1252,"O mais incr√≠vel √© que a maioria que veio aqui comentar nem se deu ao trabalho de prestar aten√ß√£o no conte√∫do do v√≠deo, apenas veio destilar √≥dio e defender o que j√° t√° garantido faz tempo: ser h√©tero. Um medo de quem √© diferente e que n√£o t√° fazendo nada de mau pra ningu√©m, t√° apenas existindo, mas parece que nem isso pode... Caramba, que pa√≠s √© esse?",6,2022-05-16T20:17:20Z
280,@fabiananobrega8217,E ainda pronunciam CASAL??<br>Casal √© homem e mulher. Isso √© uma dupla de macho abomin√°vel ao Senhor.  Ningu√©m muda a palavra de Deus. Fato,0,2022-05-16T19:21:03Z
281,@showtime3196,Sodomia √© pecado.,0,2022-05-16T18:43:32Z
282,@landeganx,ü§Æ Volkswagen NUNCA MAIS! ü§Æ,0,2022-05-16T17:59:25Z
283,@silvestre396,Rindo igual a Carlos Alberto da pra√ßa √© nossa,17,2022-05-16T17:58:39Z
284,@bililiaful,Esses dados que ele falou a√≠ tirou do rabo tamb√©m,0,2022-05-16T15:58:29Z
285,@bililiaful,Aiiiiinn omofobia a v√° pra Porra e esse  jornalista tem feito de quem queima kkkkk,0,2022-05-16T15:56:12Z
286,@raphaels33,"Se fuderam , kkkk Isso que √© marketing negativo. Eu l√° quero saber se √© carro de gay se √© carro de homem se √© carro de mulher. opoha pra que fazer aquela propaganda, em vez de quebrar o estigma , eles s√≥ substituiram um estigma por outro.",0,2022-05-16T15:06:46Z
287,@pedrovieira2228,"Essa sociedade √© muito hip√≥crita mesmo. Qual a dificuldade em aprender a respeitar as diferen√ßas. Ter um casal gay na campanha n√£o pode, agora se tivesse uma mulher seminua a sociedade machista estaria aplaudindo a campanha em p√©. Agora o que esperar de uma sociedade machista, hip√≥crita.  Condenam tanto os gays,  mais s√£o esse machista e procuram os gays e trans no anonimato.",0,2022-05-16T12:28:36Z
288,@DimasShkrebets,"Ai amigues, que violence contra o pole.",0,2022-05-16T11:29:08Z
289,@JFSL2008,"n√£o existe casal gay, e n√£o aceitaria uma marca que √© a favor de extremista lgbt",0,2022-05-16T10:58:05Z
290,@Juliao89,"Certeza que quem esta com esses ataques e piadas √© porque n√£o tem condi√ß√£o de comprar esse carro. <br><br>Quem tem a grana n√£o vai deixar de comprar por causa de uma propaganda. <br><br>Obs: Sou hetero e atacar homossexuais n√£o faz ningu√©m mais ou menos hetero...<br><br>Respeitem a vida, respeitem as pessoas",1,2022-05-16T06:24:05Z
291,@rudsmash7694,"Percebe-se que, a equipe respons√°vel pelo comercial, n√£o entende NADA sobre a import√¢ncia dar apresentar a imagem e algumas partes t√©cnicas do ve√≠culo.<br>Apresentaram o ve√≠culo, puramente com a ideia de lacrar.",0,2022-05-16T05:16:42Z
292,@miguelselaville5030,Kkkkkkkk nunca vi tantas op√ß√µes de compra na Olx de polo üòÇüòÇ,88,2022-05-16T03:56:55Z
293,@dinhodin8662,N√£o compro empresa lacradora,1,2022-05-16T03:07:21Z
294,@joserobertorosamilares5638,GAY GAY GAY GAY GAY GAY GAY GAY GAY GAY GAY GAY GAY GAY GAY GAY GAY,0,2022-05-16T03:00:32Z
295,@juniorbarboza4375,Vcs s√£o uma piada!! Kkkkkkkkkkkkkkkkkkkkkkkkk,0,2022-05-16T02:56:26Z
296,@rickardoads,Eles n√£o v√£o vencer e nem nos calar ‚ù§Ô∏è,3,2022-05-16T02:02:57Z
297,@cristianodavis9987,Parab√©ns VW por esta merda de propaganda rotularam o produto,0,2022-05-16T00:50:44Z
298,@leonardoaraujo1460,Pelo menos eu n√£o compro e se tivesse venderia na hora,0,2022-05-15T23:30:46Z
299,@vidastuta,Kkkkkkkkkkkkkkkklk,0,2022-05-15T23:16:13Z
300,@Brunolawn,"Eu nao entendo pra que tanta como√ßao das pessoas, eu sou hetero, se eu tivesse um Polo, nao estaria incomodado, pra que se importar com essa propaganda? O carro nao me faz gay! √â SIMPLESMENTE ESTUPIDO",0,2022-05-15T23:12:20Z
301,@codigoveronica0,"Aiiiinnn parem de falar do polo. Eu tenho um e sento no c√¢mbio, digo no banco.",0,2022-05-15T23:08:18Z
302,@anarosacortez9781,"Acho que deveria mudar o nome para POLE, seria mais adequado. N√£o por mim, mas pelo pr√≥prio LGBT... que quer mudar o nosso portugu√™s.",0,2022-05-15T22:26:51Z
303,@marcosjose6441,Porr4! mas como n√£o detectaram essa defeito? o carro s√≥ tem marcha r√©. kkkkkkk,0,2022-05-15T22:24:00Z
304,@brazilneworder1616,UOL kkkkk,0,2022-05-15T22:10:40Z
305,@joaobadr1,Kkkkkkkkk,0,2022-05-15T21:43:21Z
306,@MrJoaosill,Porra de tanta lacra√ß√£o.,0,2022-05-15T21:35:01Z
307,@hugoradelino6581,ataques kkkkk,0,2022-05-15T21:31:05Z
308,@waldemarfrancisco2018,"Nada a declarar  acho s√≥ um erro  da marca,somos humanos e  o respeito √© o que  mais importa",0,2022-05-15T21:09:34Z
309,@wellingtonalcantara3353,"Quem lacra, n√£o lucra!",0,2022-05-15T19:56:44Z
310,@tisp1779,"Essa empresa nao queria mostarar o carro, mas sim, apoio a causa homossexual. Se deu mal.",0,2022-05-15T19:08:44Z
311,@LucioSeg77,"Quando d√£o de cara com o preju√≠zo eles apelam para o vitimismo. Agora √© hater, homofobia etc. Sempre a mesma novelinha. V√° tomar no c‚Ä¶",0,2022-05-15T19:04:18Z
312,@7milcomcristo181,"NAO SE FAZ ISSO NUM PAIS CONSERVADOR √â OVBIO QUE AS VENDAS VAO CAIR, VCS NAO QUEREM INCLUSAO E SIM DIVIS√ÉO ! AS EMPRESAS NAO ESTAO PREOCUPADO COM DINHEIRO E SIM COM A LAVCRA√á√ÉO",0,2022-05-15T18:16:48Z
313,@Thialemar,"A cada 19 horas morre um lgbt???? Vamos l√°, menos de 5% dos homic√≠dios s√£o solucionados no Br, ou seja, em um universo de mais de 50k de homic√≠dios √© um volume muito pequeno, agora como afirmar que os lgbt que s√£o v√≠timas de homic√≠dios s√£o pelo simples fato de serem. A viol√™ncia √© n√£o discrimina ningu√©m.",0,2022-05-15T18:05:03Z
314,@silzelivenancio2281,"Deus criou o homem e mulher simples assim.<br>Quem lacra n√£o lucra taokei.<br>J√° que n√£o queria causar pq ent√£o n√£o colocou no comercial tds os casais, homem e mulher<br>Mulher com mulher e homem com homem teria dado menos impacto pra sociedade que ainda √© tradicional.",0,2022-05-15T17:31:24Z
315,@dimasfontesduarte3338,Simplesmente ningu√©m compra carro desse fabricante! Problema resolvido.,0,2022-05-15T15:55:19Z
316,@cledsoneduardo2319,Ideologia de g√™nero pra carros.... &quot;g√™nios&quot;.<br>üôàüôàüôàüôà,0,2022-05-15T15:51:24Z
317,@bgaairsoft9073,M√£ezinha ficou brava,0,2022-05-15T15:49:00Z
318,@bgaairsoft9073,Ainnn quero um polinho uiii,0,2022-05-15T15:47:43Z
319,@paulolima62,"1 morto a cada 19 horas??? N√∫mero baixo comparado aos 153 homic√≠dios que ocorrem no Brasil por dia.<br><br>Sou totalmente contra a ataque individual ou agressivo a uma pessoa independente da op√ß√£o sexual, mas agora dizer q uma piada ou meme √© ataque homof√≥bico da√≠ √© brincadeira n√©, se for por esse caminho ferrou, v√£o se acabar as piadas e o bom humor. <br><br>Mas que o novo Polo √© uma gracinha √© amei! ü§£ü§£ü§£ü§£ü§£ü§£ü§£.  Sai fora, vai comprar um carro de Omi.",0,2022-05-15T15:12:29Z
320,@matheusmeliope,For√ßa üí™eles n√£o passar√£o,0,2022-05-15T14:10:54Z
321,@Will23universal,Essa j√° for√ßou a barra demais,0,2022-05-15T12:43:15Z
322,@maceiodesenhos6751,A Volkswagen conseguiu rotular com excel√™ncia seu produto. Os carros da Volkswagen daqui para frente deveriam sair de f√°brica igual &quot;Shapoo&quot; um modelo para cada tipo de cabelo. kkkkkkkkkkkkkkkkkkkkkkkkkkkkkkkkkkkkkkkkkkkk,28,2022-05-15T10:58:04Z
323,@maceiodesenhos6751,"J√° comprei gol, parati, saveiro, etc. Hoje tenho dois carros modelos diferente da Fiat e com toda certeza nunca comprarei um carro para uso de um p√∫blico especifico s√≥, como esse modelo &quot;polo&quot;. A Volkswagen conseguiu rotular com excel√™ncia seu produto. Os carros da Volkswagen daqui para frente deveriam sair de f√°brica igual &quot;Shapoo&quot; um modelo para cada tipo de cabelo. kkkkkkkkkkkkkkkkkkkkkkkkkkkkkkkkkkkkkkkkkkkk",35,2022-05-15T10:57:47Z
324,@LucasSilva-cq1kq,"Mano os caras n√£o aceita que ningu√©m que n√£o seja Homossexual n√£o quer ser relacionada a isso e se envolver com isso cada no seu canto e j√° era mas n√£o se expressar agora e crime, ofender n√£o mas os caras n√£o aceita",0,2022-05-15T05:45:49Z
325,@JohnDoe-er3gz,pol√™mica vende. Volkswagen acertou em cheio.,0,2022-05-15T04:12:45Z
326,@sebastiaosillva8465,A Volkswagen fez foi os donos do polo tomar no c....,0,2022-05-15T02:57:22Z
327,@sebastiaosillva8465,E infelizmente  Volkswagen virou o c... Pra lua,0,2022-05-15T02:54:45Z
328,@manuellamarques7767,Nossa senhora,1,2022-05-15T02:34:51Z
329,@ciroricardosampalestense4086,A propaganda √© a alma do neg√≥cio.<br>Ningu√©m quer levar uma fama que nunca teve e nem desejou.<br>E antes de terminar: R.I.P. Polo,70,2022-05-15T02:13:47Z
330,@Ivan-rr8jm,"L√° vem esse portal, favorecer a causa LGBT! Estamos cansados de tantas imposi√ß√µes!üò°",3,2022-05-15T02:03:50Z
331,@Neto705,"Acho que a pr√≥pria empresa √© que est√° tendo preconceito na verdade , porque quando algu√©m vai comprar um carro o vendedor n√£o pergunta se vc √© gay ou l√©sbica e sim v√£o oferecer o produto, ou seja, √© um tiro no pr√≥prio p√© que eles est√£o dando , pois assim o comprador h√©tero vai dizer , eu n√£o vou comprar esse carro que √© coisa de gay , entende . Acho que eles poderiam at√© deixar o casal gay na propaganda, mas colocando um casal h√©tero, um casal inter-racial, amarelos, enfim , n√£o s√≥ colocando um segmento de sexualidade",2,2022-05-15T02:00:26Z
332,@eliezermedeiros7312,N√£o gostei do polo,0,2022-05-15T01:28:39Z
333,@cesarsantos5397,Deus fez o homem e a mulher o resto e resto resto resto,0,2022-05-15T00:32:50Z
334,@berenicepaulina3981,Kkkkkkkkkkkkk,0,2022-05-14T23:15:19Z
335,@marcossementinha,UOL mostra o comercial do carro na Alemanha!,2,2022-05-14T23:12:07Z
336,@zainreman,Esse j√° vem com a luz de r√© queimada,0,2022-05-14T23:05:36Z
337,@samuelmonteiro5181,"N√£o vejo problema de quem quiser devolver o carro por causa dessa propaganda, respeitem tamb√©m a decis√£o de quem quer vender o carro por causa dessa propaganda.",2,2022-05-14T22:57:28Z
338,@samuelferreiracastrojosema4121,pra que isso,0,2022-05-14T22:46:38Z
339,@joelciocgs,"S√ì ENTRA A R√â, KKKKKKKKKKKKKKKKKKK",0,2022-05-14T22:32:37Z
340,@filipesantos5743,"Eu deveria ser ressarcido pela VW, essa merda de Polo ir√° se desvalorizar üò°üò°üò°üò°ü§¨",0,2022-05-14T22:32:08Z
341,@josecarlosfeil2080,Wolkvagem: um autom√≥vel polo t√£o bom n√£o merecia essa pol√™mica toda...‚ò∫Ô∏è,2,2022-05-14T22:28:39Z
342,@todomundo1,Ser humano complica demais .homem nasceu homem se quer viver com outro vai viver sua vida s√≥ n√£o ficam se fazendo de coitadinhos ou querendo algo mais por ter esse tipo de comportamento.,0,2022-05-14T22:11:30Z
343,@thiagolindo8992,Uol lacradora tambem,2,2022-05-14T22:08:46Z
344,@thiagolindo8992,Nao queiram forcar a pessoas...respeito sim. Leviticos 18,1,2022-05-14T22:08:02Z
345,@thiagolindo8992,Quem lacra NAO LUCRA. Nao pode forcar ninguem,1,2022-05-14T22:02:24Z
346,@jacirolima9500,"Isso nao e ataque, e uma aberra√ß√£o do capitalismo ocidental.",0,2022-05-14T22:01:19Z
347,@rgbstm7146,Agora √© polly kkk,1,2022-05-14T21:39:56Z
348,@maumauunicooficial6322,V√£o para o inferno rebanho de satan√°s .....nunca ser√£o aceitos no reino de Deus,2,2022-05-14T20:41:30Z
349,@luizcat329,Minorias s√£o minorias. VW vai pagar caro,1,2022-05-14T20:35:25Z
350,@adrianobogard6274,Kkkkk que lacrar n√£o lucrar,1,2022-05-14T19:57:45Z
351,@jonatanchristini5474,"s√≥ por Deus! Fim dos tempos, propaganda muito mau feita.",1,2022-05-14T19:51:19Z
352,@mariamargaridafinipeixoto4581,"U√©!!! Por que ele n√£o disse que al√©m do marido,  queria estar com os pais e irm√£os dele?????<br>ü§îü§îü§îü§î",1,2022-05-14T19:45:56Z
353,@igorrodrigues1097,"Carro n√£o tem sexo, ou seja o que voc√™ faz da sua vida, √© problema teu <br>Mais uma vez,fica comprovado quem lacra n√£o lucra",3,2022-05-14T19:39:19Z
354,@vanderlei_foziguacu,"Os n√∫meros citados da viol√™ncia contra LGBT √© bem menor que os da viol√™ncia contra a mulher. E elas sofrem somente por serem mulheres. Mas a m√≠dia da prioridade para outras classes que fizeram outra op√ß√£o. Mas, o importante √© ir pro lado que se ganha mais Like.",3,2022-05-14T19:25:49Z
355,@pedrokae497,"Essa galera que est√° reclamando grande maioria n√£o tem grana nem pra trocar de carro quem dir√° um carro zero custando 70 mil,  agora em rela√ß√£o ao marketing do casal gay, cara se vc realmente for hetero vc pode andar em um carro rosa porpurina que ainda assim vc vai continuar gostando de mulher, agora se vc se sente incomodado lamento dizer mas vc e do vale rs",2,2022-05-14T19:05:54Z
356,@rodolfo9110,"Se eu fosse diretor da marca tinha mandado embora esse pessoalzinho do marketing, esse p√∫blico a√≠ nem compra carro. V√£o pra PQP!",1,2022-05-14T18:40:58Z
357,@marcoscamerinodasilva5001,"Bem feito pra Wolkvagem. Vai lacrar pensando em se dar bem e acaba se dando mal. <br>Sou contra a homofobia, pois as pessoas podem fazer o que bem quiserem de suas vidas. <br>Mas ningu√©m √© obrigado a aceitar o carro por causa da propaganda feita pelo casal. Que a propaganda retrate a qualidade do carro. A inten√ß√£o foi promover a causa lgbt e n√£o o carro!<br>Mas repito, os rapazes n√£o podem sofrer ataque de ningu√©m!",89,2022-05-14T18:27:52Z
358,@dionisioricardo,Volkswagen transforma o polo em carro de gay. O brasileiro fez piada.<br>Pelo visto n√£o se pode rir dessa situa√ß√£o.,6,2022-05-14T18:16:45Z
359,@PetrosLordland,A Volkswagen tamb√©m deve estar querendo a sua pr√≥pria fal√™nciaüòí,11,2022-05-14T18:13:49Z
360,@joselimacicinho3374,üí©üí©üí©üí©üí©üí©üí©üí©üí©üí©üí©üí©üí©üí©üí©üí©üí©essa propaganda üí©üí©üí©üí©üí©üí©üí©üí©üí©üí©üí©,1,2022-05-14T17:40:59Z
361,@rodrigues2002,Pouca vergonha rsrs,2,2022-05-14T17:38:15Z
362,@franciscolimadecarvalho3224,Nunca mais compro um volwagem,1,2022-05-14T17:32:52Z
363,@ednajustino84,"Eu n√£o concordo homem com homem e mulher com mulher, porque Deus fez homem e mulher, mas respeito muito as as pessoas  que  fizeram as suas escolhas porque cada um procura a sua felicidade e isso √© bom e ningu√©m tem esse direito de critica-los, tenho sobrinhos e uma sobrinha a qual eu amo eles demais boa gente amav√©l, educados, essas pessoas s√£o maravilhosas RN",62,2022-05-14T17:14:24Z
364,@hugosilva7887,Foram lacrar e se phoderam. <br>Grande dia!,1,2022-05-14T16:59:54Z
365,@alexandreserra7444,"Vcs sabiam que isso aconteceria!!! Acho que teriam em pensar bem sobre isso!!! Agora.aguenta!!!! Lembra.que vcs s√£o.homem!!! Sejam corajosos pelo menos. Vcs s√£o usados pela visibilidade, acordem",1,2022-05-14T16:58:35Z
366,@JOAO-ur1pj,Foda se com esse neg√≥cio de que tudo √© homofobia,1,2022-05-14T16:50:24Z
367,@geraldoaugustooliveira526,"A Volkswagen quis causar, agora aguenta as consequ√™ncias. O Brasileiro adora carro e est√° propaganda n√£o pegou bem aos heteros adoradores de carros.",1,2022-05-14T16:45:54Z
368,@brunoandrade2268,Palha√ßada!!,0,2022-05-14T16:39:57Z
369,@alexcaldas9404,N√£o quero um Polo nem de gra√ßa. Kkk,1,2022-05-14T16:38:33Z
370,@leonardorodrigues7057,Qual ser√° o carro do Diego?,0,2022-05-14T16:17:35Z
371,@gs6guerrraguerra2,"Haaaa confersa fiada,  o que tem haver carro com com quem gosta de dar o anel",0,2022-05-14T15:47:39Z
372,@ivonemaria6078,"Se a Vw aguentar o preju√≠zo, por mim est√° tudo bem .",14,2022-05-14T15:20:28Z
373,@agnaldonakashima4375,"Eu n√£o sei que mania tem essas empresas de for√ßar a fazer propagandas para polarizar , prejudicando o pr√≥prio produto, n√£o tenho nada contra esse grupo, mas o protagonista fica a√≠ se otimizando, dizendo que tantas pessoas √© mortas por ano, parece que o povo √© criminoso , que aparece um gay e todos v√£o ca√ßa_los, isso √©  uma inverdade, nesse momento pol√≠tico fazer propagandas como essas √©  l√≥gico que vai ter pol√™micas, ter bom senso era a melhor op√ß√£o,√© como a magalu faz, racismo contra outras ra√ßas ao dizer que s√≥ contrata negros, imagine se havan  dizer que s√≥ contrata brancos, o que essa milit√¢ncia como UOL , Globo  e etc ,, v√£o falar, √© racismo, como eu sofri a muito tempo atr√°s desse lixo chamado Globo, onde uma personagem acho que foi de novela, dizia que se acontecesse tal coisa, at√© com japon√™s ela se casaria, como se fosse normal desfazer uma ra√ßa, onde eles dizem lutar contra isso, privilegiar uma ra√ßa √© um preconceito e isso a esquerda faz descaradamente, s√£o hip√≥critas ; agora a vw, ta despencando em vendas, faz uma propaganda provocativa, tipo, quem tiver um polo √© gay e tem pessoas que n√£o gostam disso, isso n√£o significa que √© preconceito, √© liberdade de escolha",5,2022-05-14T15:19:18Z
374,@passei.poraqui,Queria s√≥ saber! Ser√° Q eles gostar√≠am se Agissemos do mesmo jeito Q eles agem por causa desses mimimis? DO MESMO JEITO Q ELES TDS MERECEM RESPEITO! TODOS MERECEM!    MAIS A verdade √© Q eles querem ser OS ESPECIAIS! no mundo! Querem ser PRIVILEGIADOS! Negam a realidade querem moldar o mundo ao seu favor desrespeitando o espa√ßo do mundo inteiro que n√£o t√° nem a√≠ pra op√ß√£o que eles ESCOLHERAM! LIGAMOS SIM! Quando invadem o nosso espa√ßo!,13,2022-05-14T15:07:28Z
375,@passei.poraqui,A verdade √© que eles querem ser os ESPECIAIS! no mundo! Querem ser PRIVILEGIADOS! Negam a realidade querem moldar o mundo ao seu favor desrespeitando o espa√ßo do mundo inteiro que n√£o t√° nem a√≠ pra op√ß√£o que eles ESCOLHERAM! LIGAMOS SIM! Quando invadem o nosso espa√ßo!,1,2022-05-14T15:05:38Z
376,@marcelopires8838,Veja qtas piadas com essa mat√©ria kkkkkkkkkkkkk,2,2022-05-14T15:05:34Z
377,@marcelopires8838,Kkkk a galera t√° devolvendo essa porcaria kkkkkkkk,2,2022-05-14T15:03:42Z
378,@eduardodu3281,Coitado acho que cada um tem que procurar a sua felicidade e propagar a paz que todos precisam,1,2022-05-14T14:48:39Z
379,@marcosdesouza4398,"O lance √© esse povo achar que pode tudo, quer dar r√© no quibe que d√™, mas j√° virou uma esculhambac√£o da porra",1,2022-05-14T14:21:25Z
380,@edsonluizantunes6787,"Deram um tiro de canh√£o no p√© , falando em propaganda . Em rela√ß√£o a vida sexual , cada um que leve a sua , pra quem acredita em &quot;&quot;Deus&quot;&quot;  que √© meu caso , no final temos um Deus pra nos julgar a todos , independente de sua escolha sexual...",2,2022-05-14T14:13:20Z
381,@davidrojonunes1284,Tai um carro que nunca comprarei!!!!!!!!!,2,2022-05-14T14:09:51Z
382,@AnjoDF87,Eita preconceito. Por uma simples demonstra√ß√£o de afeto o povo surtando.,3,2022-05-14T13:55:03Z
383,@joaquimsouzademoura3368,Quase troquei meu √înix por um Polo...uffa. Ainda bem que o quase n√£o deixou,34,2022-05-14T13:51:38Z
384,@mcs1257,Poly presta n√£o! queima Os an√©is logo cedo e caga √≥leo melando as velas.üí©,3,2022-05-14T13:32:10Z
385,@variani94,Uma m√£o no volante e a outra no carinho,2,2022-05-14T13:29:31Z
386,@marioluizsardinhatavares7485,Queria ok lan√ßar  um carro  so pra gay kkk,1,2022-05-14T13:12:11Z
387,@luisclaudio1513,Botaram os donos de polo numa briga onde n√£o quer√≠amos estar !!! Eu n√£o tenho nada haver com LGBT ..agora sou motivo de chacota .. vou vender essa merda !!!,5,2022-05-14T13:07:35Z
388,@anagiovanella3706,"&quot;Quando uma pessoa √© infeliz, se torna moralista.&quot;",6,2022-05-14T13:06:19Z
389,@ozonieljunior8285,Mimizentos pra caralh...,1,2022-05-14T12:14:12Z
390,@joseclaudiooliveira7451,ONG o caralho!!,1,2022-05-14T12:10:42Z
391,@joseclaudiooliveira7451,Marido o caralho!,1,2022-05-14T12:10:19Z
392,@joseclaudiooliveira7451,M√≠dia virou essa vagabundagem! !,1,2022-05-14T12:10:03Z
393,@joseclaudiooliveira7451,Cria do PT! !,2,2022-05-14T12:09:25Z
394,@joseclaudiooliveira7451,Rid√≠culo o caralho!!,1,2022-05-14T12:09:10Z
395,@joseclaudiooliveira7451,Vagabundagem pura! !,0,2022-05-14T12:08:55Z
396,@evandroalves4829,Kkkkkkkkkkkkkkkkk,1,2022-05-14T12:08:00Z
397,@claudioviana2142,"Tava pensando  em pegar  um Polo depois dessa mancada tou desistindo, nada contra os gays , s√≥  n√£o  quero ser confundido  com  um.",10,2022-05-14T11:35:05Z
398,@rodrigojoao7634,fico pensando nos av√≥s l√° na cova vendo essa gera√ß√£o... a vontade de sair de l√° √© meter a chicotada nesses Boys kkkkkkk,1,2022-05-14T11:21:54Z
399,@flaviooliveira7212,"O objetivo n√£o √© vender o carro, e sim disseminar a particularidade de uma minoria.  Eu n√£o compraria o carro mesmo se fosse homossexual, estaria expondo a minha vida √≠ntima.",19,2022-05-14T10:54:11Z
400,@antoniomolineiro5464,Quanto papo furado em Uol,4,2022-05-14T10:42:56Z
401,@MyJocao,"Sou hetero, e n√£o tenho nada contra as escolhas de ningu√©m. Acho lament√°vel que ainda vivemos em uma sociedade t√£o med√≠ocre com tais ataques e preconceitos. Fica firme Diego.",8,2022-05-14T10:38:54Z
402,@ricardocesarfrancabosso8801,vendi o meu e comprei uma saveiro kkkk,6,2022-05-14T10:16:27Z
403,@ivairluizgirardi3827,H√°. Ent√£o vcs est√£o se instalando em na sociedade. N√£o querem s√≥ viver a vida sexual de vcs. Querem influenciar quem n√£o √©. Vcs sabem que gays tem uma vida curta.,1,2022-05-14T09:59:20Z
404,@vitruvius454,Polo aceita engate bola na traseira?,2,2022-05-14T09:55:38Z
405,@josekleber7459,O problema √© a milit√¢ncia empurrada!üòÇüòÇüòÇüòÇ,5,2022-05-14T09:48:51Z
406,@sergioplay6201,üí©üí©üí©,1,2022-05-14T09:28:11Z
407,@davidsilvanascimento4263,"Quando o polo der problemas nos an√©is, levo no mec√¢nico ou no proctologista???    Kkkkkk o polo do meu vizinho s√≥ pega depois que ele faz uma chupeta, mesmo assim depois que pega s√≥ anda de r√©. Na verdade carro cheio de B.O. √â  melhor comprar um marea.",34,2022-05-14T07:45:44Z
408,@fabiovaleiro403,"T√° muito politicamente correto, acabou o humor nesse pa√≠s... N√£o vejo nenhum ataque.",3,2022-05-14T04:57:20Z
409,@ricardorodrigues777,Isso mostra que o Brasil ainda tem opini√£o.,2,2022-05-14T04:52:38Z
410,@hakurikoh,"Estudo comprova que quem compra polo n√£o gosta de animais, principalmente piriquita.",1,2022-05-14T04:44:56Z
411,@doriedisonable,"Marido dele foi √≥timo kkkk no meu tempo era marido dela,mulher dele. Nunca vamos achar normal,mas cada um escolhe o que quiser,mas que fique com suas sexualidades em particular",15,2022-05-14T04:33:21Z
412,@robertoferreiradossantos5923,Tudo p eles √© homof√≥bico vai p oriente m√©dio que vcs v√£o saber o que √© homofobia,2,2022-05-14T04:20:34Z
413,@leandrobravi4219,Vai dar recal,2,2022-05-14T04:01:57Z
414,@luizone,"Esse poli √© mais qui di mais,j√° ouvi falar que vai ser pau com pau ops pau a pau com a concorr√™ncia",3,2022-05-14T03:59:56Z
415,@tonycampos2752,O carro virou sinonimo de b0sta  queimada !,6,2022-05-14T03:29:59Z
416,@tonycampos2752,√â mesmo √© ? F0dase.,1,2022-05-14T03:28:29Z
417,@alexandroponath9889,"Por isso Brasil n√£o vai pra frente, nunca v√£o parar com Homof√≥bia, Racismo, Bullying. Enquanto que povo fica fixado nisso n√£o v√™ que inflama√ß√£o, aumento de combust√≠vel, comida , tudo cada vez nas caro e ningu√©m fala disso, povo prefere julgar as pessoas, que na realidade quem somos, n√≥s pra julgar algu√©m a n√£o ser Deus, que ver que realmente importa deixar Brasil na m√£os multinacionais, corruptos, pol√≠ticos. Que parece que fazem isso desviar olhos do povo, pra coisas sem sentindo de ficar julgando, vivendo coisas que nem cabe nos julgar a n√£o ser Deus.",0,2022-05-14T02:39:02Z
418,@eliasmartins5025,Aff n√£o gosto de wv...,1,2022-05-14T02:27:35Z
419,@renep.santos8425,"Genteeee, amei tbm esse piii ..piiii...piii da luz de r√©. Que del√≠cia! O carro j√° faz chupeta sozinho! M-a-r-a-v-i-l-h-a! Bancos de couro com vibrador autom√°tico? Vai combinar com minha cal√ßa de couro! Uiiii....",16,2022-05-14T02:00:02Z
420,@simplesdetudo5355,"Quer criar um produto novo para homenagear gay , n√£o tem problema, compra quem quer , mas quem j√° comprou polo que se sentir ofendido a empresa vai comprar de volta",4,2022-05-14T01:50:56Z
421,@ricardorocha3846,Fa√ßo qualquer neg√≥cio nessa bosta de carro üèÉ‚òÅÔ∏è‚òÅÔ∏è‚òÅÔ∏è‚òÅÔ∏è‚òÅÔ∏è‚òÅÔ∏è‚òÅÔ∏èüåà,2,2022-05-14T01:03:52Z
422,@jonatanlacerda8859,Extrapolaram porque foi uma merda mesmo associarem a marca de um carro a um g√™nero palha√ßada,4,2022-05-14T01:01:38Z
423,@luizmollon5431,<b>O mercado reagindo √† lacra√ß√£o in√∫til...de forma espont√¢nea e natural.</b><br><b>Produto a ser desprezado...s√≥ isso !</b>,27,2022-05-14T00:39:24Z
424,@MrJagge,Come√ßou a lacra√ß√£o!,3,2022-05-14T00:36:24Z
425,@asbrncaderasdeluisantonio4298,Marido??? Casal??kkkk,4,2022-05-14T00:05:39Z
426,@jrestefan,Vendo polo 50% a baixo da FIPE,3,2022-05-13T23:50:16Z
427,@D4RKR1,Espero que tome bastante preju√≠zo.,10,2022-05-13T23:46:44Z
428,@luizalmeida1269,Esse Polo e o que liga no bot√£o? Vem com engate diferenciado?,11,2022-05-13T23:41:08Z
429,@toolsreviews1642,Bem feito para VW.,3,2022-05-13T23:40:18Z
430,@Dlb9999,Se tiver na cor rosa a√≠ q vai virar piada msm,2,2022-05-13T23:30:16Z
431,@uberlan30,Porque n√£o colocaram todas as outras formais de casais ? <br>N√£o tenho nada contra !<br>S√≥ acho que a marca do veiculo deveria dizer que o carro √© pra todas as formas de casal,75,2022-05-13T23:08:21Z
432,@gerisson004formigoni6,"Engra√ßado que esses injustos fazem arrua√ßa nas ruas, querem que todos aceitem tudo que eles fazem em p√∫blico, mas quando levam uma zoadinha com eles, nooooooossa s√£o coitados, querem que todos tenham d√≥ deles. Voc√™s extrapolam todos os dias e ningu√©m pode falar nada que j√° fazem esse alarde. Aguenta que d√≥i menos.",12,2022-05-13T22:57:51Z
433,@victorhaff,"Volkswagen cagou nesse marketing, com ideologia de g√™nero, ao inv√©s de mostrar como o carro √© por dentro, demonstrar os opcionais do carro, agora eles me vem com essa lacra√ßao, quem lacra n√£o lucra, agora v√£o ter que sofrer com as consequ√™ncias ao escolher um p√∫blico alvo do produto.",7,2022-05-13T22:30:02Z
434,@vinysilver7806,"QUEM LACRA N√ÉO LUCRA. <br>Ser√° uma desvaloriza√ß√£o do modelo polo jamais vista. E v√°rios donos de VW Polo possivelmente entrar√£o na Justi√ßa contra a VW por ter feito um comercial que CAUSA CONSTRANGIMENTO PARA A MAIORIA DOS DONOS desse modelo.<br> Aprendam uma coisa, vivemos numa democracia, certo? <br> A maioria do p√∫blico de carros s√£o H√©teros, ent√£o voc√™s n√£o podem lan√ßar um carro, vende-lo, e depois fazer um comercial levantando uma bandeira, que A MAIORIA DA POPULA√á√ÉO N√ÉO QUER LEVANTAR, n√£o porque √© contra, e sim porque simplesmente n√£o quer passar por isso, ningu√©m √© obrigado a passar, ningu√©m merece ser difamado, por causa do carro que tem. Enfim. J√° era de se esperar isso da VW, que √© conhecida por tentar lucrar com modismo... Ela fazia a mesma coisa na √©poca do Nazismo.... Tem gente que acha que est√° sendo homenageado..., est√£o apenas sendo usado como p√≥lvora pra fazer pol√™mica e marketing. Na verdade essa galerinha que costuma abracar essas causas LGTVUHD3D+... sempre foram usados de massa de manobra. Pela l√≥gica, pelo amor pr√≥prio e amor que dizem ter pela causa..., voc√™s na verdade deveriam repudiar qualquer uma dessas empresas que ficam usando a causa de voc√™s pra lucrar... Mas enfim. No final das contas, muito preju√≠zo e o fim de um bom modelo de carro.",0,2022-05-13T22:26:11Z
435,@alanrocha2515,"Pela queimada de pneu, esse polo de r√© correu!!!",26,2022-05-13T22:20:00Z
436,@Eliton1445,A VW foi lacrar e deu um tiro pela culatra literalmente.,50,2022-05-13T22:04:49Z
437,@marcos2283,Carro de socabosta.,0,2022-05-13T22:01:10Z
438,@marcos2283,Carro de socabosta.,0,2022-05-13T22:01:05Z
439,@marcos2283,Carro de socabosta.,0,2022-05-13T22:01:00Z
440,@THETYSUY,quem lacra n√£o lucra.VW se ferrou.UMA ENXURRADA  DE CANCELAMENTOS DE COMPRA DO POLO FOI PEDIDA.,1,2022-05-13T21:57:06Z
441,@upa24h,Agora ningu√©m mais vai comprar o polo kkkkkkkkkkkkkkkkkkkkkkkk,12,2022-05-13T21:48:45Z
442,@stageone1996,Hahahahah bando de frescura,1,2022-05-13T21:08:19Z
443,@gmfami,quando eu vejo um polo eu so dou risada,24,2022-05-13T21:04:18Z
444,@canaldagabi9907,"Show de carro, tem uma r√© para tr√°s e 5 r√©s pra frente.",17,2022-05-13T20:41:20Z
445,@marcelohenriques748,Mais uma vez os gays tentando continuar a famigerada lacra√ß√£o in√∫til. <br>Por qu√™ a Volkswagen n√£o transmite esse comercial em pa√≠ses do Oriente M√©dio  ?,1,2022-05-13T20:23:51Z
446,@gaserafini,"A VW matou o Polo, dirigiu o ve√≠culo para um mercado restrito. Perdeu muitos clientes h√©teros.",34,2022-05-13T19:52:45Z
447,@edgleinovais4669,"Porra nenhuma , o cara mente na cara dura!!!",2,2022-05-13T19:40:41Z
448,@valmiralves3683,Homem √© homem.,0,2022-05-13T19:21:52Z
449,@marcosazevedo8656,"Esse carro √© tudo de bom, a√≠ ui uma loucura!!!!! Compre compre compre ... Aiiiiiii que loucura!!!",34,2022-05-13T19:07:48Z
450,@woodoowoodobc960,N√£o compro carro bichado...,1,2022-05-13T18:30:08Z
451,@isaacsantos6090,Tem gente que n√£o ta saindo com o carro de casa com vergonha nas ruas!!,152,2022-05-13T18:28:25Z
452,@adrianobarboza9890,Que vergonha pra vw,2,2022-05-13T17:34:06Z
453,@mariajudite601,N√£o entendo ter orgulho de ser gay<br>√â op√ß√£o sexual qualquer um pode ser <br>Sem o m√≠nimo de car√°ter,5,2022-05-13T17:31:15Z
454,@mariajudite601,Quem comprou se ferrou kkkk,4,2022-05-13T17:30:13Z
455,@claytonsouza8502,Ningu√©m quer ser associado ao homossexualismo atrav√©s de produto de consumo .,1,2022-05-13T17:08:53Z
456,@ederleao6461,A VW quer mostrar que a inova√ß√£o hj √© o cara d√° o rabo.... Eu prefiro ser retr√≥grado e deixar o meu quietinho do jeito que t√° .... Kkkkkkkkkk,3,2022-05-13T17:02:10Z
457,@betinhomineiro,N√£o tenho nada contra um casal homossexual mas fico aqui com minha falta de conhecimentos imaginando como estaria o mundo daqui a  100 anos se toda a popula√ß√£o do planeta fossem homossexuais...,0,2022-05-13T16:54:00Z
458,@djarbasjunior171,vou vender meu polo,2,2022-05-13T16:51:49Z
459,@sergiopmw32,"O problema nao e a propaganda em sim , mais sim a frase em contexto dizer que pra evoluir e vir√° gay , isso sempre vai ser motivo de briga tem gente que liga e tem gente que nao liga, sobre carro a wolvvagem e uma bosta , prefiro a ford",51,2022-05-13T16:47:53Z
460,@davidsilvasamtos7888,Quem n√£o lacrar n√£o lucro tiro saiu pela culatra kkkkk,2,2022-05-13T16:40:21Z
461,@olimpioempty309,QUEM SE INCOMODA COM A SEXUALIDADE ALHEIA PROVAVELMENTE TEM PROBLEMAS COM A PR√ìPRIA SEXUALIDADE.,0,2022-05-13T16:39:27Z
462,@jonpac33,Foda que o polo so anda de r√© rrrr,2,2022-05-13T16:38:32Z
463,@andersonw.n3485,Vem a√≠ polovittar 2023,7,2022-05-13T16:33:26Z
464,@zeinersnz,UOL sendo uol.,6,2022-05-13T16:22:29Z
465,@zeinersnz,Lacra√ß√£o desnecess√°ria! <br>Que tomem preju√≠zo at√© o fim!,41,2022-05-13T16:22:01Z
466,@mruniversy,"U√© a VW fez a lacra√ß√£o sem pensar em todos os clientes, o que √© o mais importante...agora engulam o mimimi...ao inv√©s de exaltar os pontos positivos do carro o que √© o mais importante...o Marketing preferiu a agenda, e deixou a maioria dos donos putos pois a maioria n√£o √© obrigado a aceitar a agenda...agora uma pergunta no ar...o que tem a ver a sexualidade com o autom√≥vel, j√° que carro √© unissex sempre foi para locomo√ß√£o...agora a f√°brica entra em agenda pol√≠tica e se fode...da√≠ vem o velho mantra... homofobia...j√° que √© assim que o p√∫blico LGBTIA+‚úìxyx@, que compre esses carros e sejam felizes pois a f√°brica fez com isso desse produto para um nicho espec√≠fico...vamos ver as vendas que √© o mais importante para uma empresa...agora agente firme as criticas VW e o choro √© livre! Sem mimimi... s√≥ que acabou de gastar R$ 80000,00 num carro desse sabe o que t√° passando por causa de uma agenda imbecil das Esquerdas.",2,2022-05-13T15:45:11Z
467,@gus1213ui,"Polo ai que tudo quero comprar um , Ameei",6,2022-05-13T15:24:16Z
468,@DinizGaragem,Vende-se polo 2021,2,2022-05-13T15:17:32Z
469,@DiegoSilva-mh2hs,"O carro √© flex, motor v√™m com lubrificante, escapamento largo, c√¢mbio cil√≠ndrico e bancos de couro  com vibra√ß√£o e quando d√° r√© ele faz &quot;Pii Pii Piii&quot;... e vem com cabos de bateria para fazer chupeta....aiii que tudooo ... ameiiii kkk",224,2022-05-13T15:13:55Z
470,@rodolfovilela6327,"A Volkswagen estragou a fama e a imagem do carro, agora as pessoas v√£o ficar com preconceito e n√£o v√£o querer mais ter ou comprar o carro ou at√© mesmo qualquer outro carro da marca üòÇüòÇüòÇ",0,2022-05-13T14:47:58Z
471,@solangedavid5581,Quem lacra n√£o lucra.,6,2022-05-13T14:36:36Z
472,@rike3699,"Novo Polo VW, novas conex√µes KKKKKKKKK",17,2022-05-13T14:16:45Z
473,@medinatrompete,"FUDERAM, o carro .   Ataque homof√≥bico o caramba!  Propaganda que n√£o mostra nada do carro, s√≥ o casal .  <br>Queriam estereotipar o carro ?Conseguiram!<br> J√° que a campanha foi um &quot;sucesso &quot; agora o polo vai bombar nas vendas",1,2022-05-13T14:16:37Z
474,@sergiomarcelinopacheco7416,Acho cada um tem sua op√ß√£o sexual agora eu sou casado tenho uma filha tenho amigos homossexual mais n√£o acho isso necess√°rio fazer uma propaganda dessas √© falta de respeito sim isso √© um particular entre duas pessoas. acho que o polo est√° com seus dias contados.,1,2022-05-13T13:57:01Z
475,@raulalbu1000,O que acho interessante em um carro √© a pot√™ncia para ultrapassagens e retomadas...,9,2022-05-13T13:50:15Z
476,@alairdefatima509,De fato o Marketing dessa empresa est√°  muito apelativo e desagradando a maioria do p√∫blico...,1,2022-05-13T13:48:41Z
477,@fabriciomaiaqueiroz6935,"<a href=""https://www.youtube.com/watch?v=VWxRO6YIeBU&amp;t=150"">2:30</a>: Meio Machista?<br>Quer dizer que mulheres ent√£o nunca participaram de comerciais de carros ao longo desse tempo?",0,2022-05-13T13:46:50Z
478,@GabrielFerreira-qo9wv,"Hei Diego, eu compraria um Polo por sua causa e pela propaganda da Volks. Marca subiu no meu conceito. Vc √© exemplo.",6,2022-05-13T13:36:40Z
479,@golfizeiragti5806,"Si eu tivesse um polo eu venderia, carro vive queimando a embreagem",2,2022-05-13T13:29:54Z
480,@AgenteSilvaSegurancaPrivada,"Ah pelo amor de Deus. Vergonha √© essa empresa fazer um comercial para o p√∫blico, carro √© para todos.",8,2022-05-13T13:15:18Z
481,@gorettioliveira3795,"üî¥ Vamos que vamos, minha gente! Sabemos que a trucul√™ncia s√≥ aumentou e quase est√° sendo oficializada. Mas a gente pode virar o jogo e come√ßar a reconstruir entornos mais solid√°rios e tolerantes",7,2022-05-13T12:48:29Z
482,@luizsouza7979,"A propaganda tem de tudo...menos mostrar o principal, que seria o carro (produto a venda).<br>As montadoras deveriam se preocupar mais era com a seguran√ßa dos seus p√©ssimos produtos, ou no pre√ßos exorbitantes.<br>Nunca tivemos um crashtest Gol? Ali√°s....Gol custando 90 mil?",1,2022-05-13T12:33:25Z
483,@GabrielGarcia-yd3pt,Kkkkkkkkkkkkkkkkkkkkk se federam lacra√ß√£o kkkkkkkk UOL lixo,1,2022-05-13T12:18:46Z
484,@2010julioO,Mimimimimimimimimi,2,2022-05-13T12:07:50Z
485,@guidoessan,"Infelizmente s√≥ revela um Brasil que ficou velado por um tempo da ideia de um pa√≠s sem preconceito, liberal. Mas em 2022 colocar um casal de homens em uma propaganda de carro ainda gera inc√¥modo e at√© revolta. Triste saber, mas melhor do que achar que Brasil √© avan√ßado nessa quest√£o.",31,2022-05-13T11:37:04Z
486,@sec.1154,"- Ningu√©m tem nada a ver com a sexualidade dos outros, simples assim!",3,2022-05-13T11:36:10Z
487,@adilsonaba9195,Faz parte do ativismo gay a imposi√ß√£o da aceita√ß√£o do seu modo de vida. Todos s√£o obrigados a RESPEITAR mas ningu√©m √© obrigado a CONCORDAR. A puni√ß√£o legal pra quem n√£o respeita j√° existe. Logo teremos a puni√ß√£o pra quem n√£o aceita ou concorda com o homossexualismo.,4,2022-05-13T11:28:21Z
488,@capitaoecobravo,"Volks, pra que ? porque ?......que barbaridade, a que pontos chegamos.....sem necessidade, completamente desnecess√°ria essa propaganda....lacra n√£o lucra, agora polo virou carro para homossexuais, vai entender essa lacra√ß√£o sem fundamento.",0,2022-05-13T11:20:55Z
489,@cadernodemusica-alinebarce2292,Carro falando de gay √© igual cerveja falando de mulher. Falem s√≥ dos produtos e pronto.,2,2022-05-13T11:16:48Z
490,@niltonmariomiranda9441,"O problema do Polo, ou outro modelo qualquer, √© que atualmente, nessa economia destru√≠da pelo desgoverno das milicias, ningu√©m t√° comprando sequer carne, quanto mais carro..",10,2022-05-13T11:01:58Z
491,@rosameliaribeirodasilva2628,"No dia em que os gays pararem de for√ßar a barra, no dia em que eles pararem de se  vitimizar, agirem naturalmente a√≠ v√£o conseguir o respeito de todos ou quase todos. Ningu√©m quer ter um familiar gay, se acontece, a aceita√ß√£o √© pelo amor. Ent√£o vamos deixar de hipocres√≠a.",0,2022-05-13T10:37:17Z
492,@bradley4010,You are the best INTELLECTWEBSCüü£M look at what they did üëáüëáNot quite long,0,2022-05-13T10:17:01Z
493,@bradley4010,"Intellectweb s are genius and experts with bitcoin deal and added , they just deposited my coins into my wallet not quite long",0,2022-05-13T10:16:56Z
494,@edineycaetano8502,Cadeia para os homofobicos!!,4,2022-05-13T09:56:51Z
495,@rodrigodeoliveira5270,"CONQUISTEM o respeito e a dignidade entre seus pares , lares  e familiares<br> que o resto vem por acr√©scimo !!",6,2022-05-13T09:27:51Z
496,@rodrigodeoliveira5270,"CONQUISTEM o respeito e a dignidade entre seus pares e lares ,<br> juntamente com sua familia e os amigos de verdade, esse √© o SEGREDO.<br> nao h√° necessidade de exposi√ß√£o  e propaganda ...<br>PRA QUE ??? <br>Morte , preconceito sempre vai haver, inclusive entre os pr√≥prios gays na maioria das vezes, <br>por depress√£o, ci√∫mes, trai√ß√µes, drogas e etc...<br>Eu perdi muitos amigos gays, e nenhum deles foi por homofobia...GARANTO !<br>QUERER obrigar todo mundo a participar de sua intimidade ??  a troco DE QU√ä ???? PRA QUE??<br>Entre final de 90 ate 2010, cada um vivia sua vida,<br>a gente saia numa boa com os parceiros, ficantes e amigos gays,<br> nunca tivemos problemas, e eu SEMPRE morei no interior de SP,<br>frequentava SP capital, at√© na Parada GAY de SP.<br>Essa NOVA gera√ß√£o esta CHATA DEMAIS !!  CREDO !! <br>E A POL√çTICA USANDO ESSES COITADOS!!<br>ACORDA POVO!!",26,2022-05-13T09:14:19Z
497,@deirsampaio7482,&quot;Minha FAM√çLIA foi agredida verbalmente...&quot;<br>Piada pronta !!!<br>ü§£ü§£ü§£ü§£ü§£ü§£ü§£ü§£ü§£ü§£ü§£ü§£ü§£ü§£ü§£ü§£ü§£ü§£ü§£ü§£ü§£ü§£ü§£ü§£ü§£ü§£ü§£ü§£ü§£ü§£ü§£,12,2022-05-13T08:58:22Z
498,@deirsampaio7482,Caraleoooooooooooo üòÇ üòÇ üòÇ üòÇ üòÇ üòÇ üòÇ üòÇ üòÇ üòÇ üòÇ üòÇ üòÇ üòÇ üòÇ üòÇ üòÇ üòÇ üòÇ üòÇ üòÇ üòÇ üòÇ üòÇ üòÇ üòÇ üòÇ üòÇ üòÇ üòÇ üòÇ üòÇ üòÇ üòÇ üòÇ,3,2022-05-13T08:57:26Z
499,@joaobatistaferreiravieirab63,J√° sabe quem joga isso a√≠ nas redes n√© os amigos do carluxa bozonaro üëå,2,2022-05-13T08:41:24Z
500,@rodrigodeoliveira5270,"Viva a vida em paz e com dignidade , que o respeito vem como consequ√™ncia, sem precisar for√ßar a barra !!",48,2022-05-13T08:37:37Z
501,@rodrigodeoliveira5270,"Foi o que acabei de postar recentemente: EFEITO REVERSO. <br>Nada contra , mas nao h√° necessidade.<br>A sociedade nao √© a extens√£o de seu quarto.",13,2022-05-13T08:34:47Z
502,@jocastabelgrado3811,Pau no c dos homofobicos... sou travesti kkkk,0,2022-05-13T07:48:57Z
503,@angelarodrigues3644,N√£o sabia dessa campanha. Volkswagen parab√©ns pela coragem e vanguarda!,8,2022-05-13T04:57:07Z
504,@alessandrobagnara1278,"6 marchas r√©  kkkk bom, a VW lacrou e agora nao lucrou. Quem quiser um polo que compre, mas piadas vao ouvir, isso √© fato.",9,2022-05-13T04:41:33Z
505,@Julio_Oliveira,POLO nunca!,2,2022-05-13T03:43:12Z
506,@carlosandrade5805,"Kkkkkkk,para de tentar enfiar guela abaixo ,da fam√≠lia tradicional,mimimimi,da lhe 22",3,2022-05-13T03:42:00Z
507,@luangustavo2100,"Na pr√≥xima vai ger um casal de l√©sbicas?<br>  Polon j√° vem agora de f√°brica com a chave de roda, o c√¢mbio e freio de estacionamento em formato de p√™nis extra GG, e que podem us√°-los para outros fins e yem outros acess√≥rios. √â tudo que um gay quer de um carro para cham√°-lo de seu!<br>Volkswagem, Quem lacra n√£o lucra!&quot; Quero ver se os gays ir√£o comprar  por que os heteros ca√≠ram fora depois dessa!",2,2022-05-13T03:04:27Z
508,@betopomil,"Propaganda de carro tem que falar do carro, n√£o de adversidade, empurrar uma cultura que representa a minoria da popula√ß√£o brasileira na base da for√ßa n√£o seria um ataque tamb√©m??? F√°cil demais...",5,2022-05-13T03:03:27Z
509,@cosmematos9579,Pode falar o que quiser. Olx divulgou que foram feitos novos 40 mil an√∫ncios de venda de VW Polo. Quem lacra nao lucra e o polo vai acabar saindo de linha.,5,2022-05-13T03:01:20Z
510,@calebalves82,Tem mec√¢nico dizendo que esse carro tem problema nos an√©is...,15,2022-05-13T02:41:41Z
511,@priscilaclara5476,Quem quer saber oq Deus pensa sobre homossexual? Ent√£o leiam Romanos cap√≠tulo 1 vers√≠culo 27 ao 31(b√≠blia) pra quem estiver interessado em saber...,2,2022-05-13T02:40:59Z
512,@FabioRodrigues-fe7zr,"Eu zuei at√© sobre isso.... mas de verdade, eu quero √© que se foda kkkk  eu compraria sem medo de me abalar. bicha tem de todo jeito, barbuda, sarada, velha, rachadora, motociclista... e n√£o √© um carro que dita sexualidade",0,2022-05-13T02:39:01Z
513,@luangustavo2100,"Polo, o carro preferido dos lgbtsqxyxklmcvzxer+",6,2022-05-13T02:38:40Z
514,@luangustavo2100,Quero vender meu polo mas acho q agora fhodeu.üò°üò°,6,2022-05-13T02:35:59Z
515,@ismaelmutt,"Novo Polo, o carro que vai dar pra tr√°s!Kkkkkk",8,2022-05-13T02:34:40Z
516,@gabrielconde3452,"Nossa, quantos coment√°rios pesados gente. O que √© isso? Vcs s√£o t√£o maus assim? Sejamos francos uma campanha n√£o vai mudar nada na vida de vcs isso √© coisa da cabe√ßa de d@ido que vcs tem.",3,2022-05-13T02:29:16Z
517,@Paulo-mi1kn,"A√≠, pai, para ü§Æ",11,2022-05-13T02:26:33Z
518,@brokerflavio,Acabo de vender o meu polo!,7,2022-05-13T02:25:53Z
519,@k23a,Lacra√ß√£o imunda.,11,2022-05-13T02:24:21Z
520,@RafaelB22Won,üè≥Ô∏è‚Äçüåàüëâüèªüí©,0,2022-05-13T02:10:35Z
521,@MsSOUZZ,entao  meu sogro quiz me matar por eu  ser h√©tero,1,2022-05-13T01:55:22Z
522,@MsSOUZZ,a min nao atinge  ando de CBT  no sitio   !!!,0,2022-05-13T01:52:28Z
523,@betinhomineiro,Dizem que esse novo  POLO  s√≥ anda de macha r√©  ?,12,2022-05-13T01:37:02Z
524,@paulosostemberg,"Quando vejo um comercial ou algo parecido,  quero saber algo do produto, oque ele pode me oferecer a mim ea minha fam√≠lia ou aqu√©m for adquirir,  na propaganda ou no comercial do carro em si n√£o vi nada , a n√£o ser dois homens ou seres humanos e s√≥ √© nada mais.",19,2022-05-13T01:33:26Z
525,@betinhomineiro,O problema √© que a propaganda da a entender que o carro foi  desenvolvido especialmente para os gays.,15,2022-05-13T01:33:04Z
526,@betinhomineiro,Esse novo Polo vai sair de linha em tempo recorde.,59,2022-05-13T01:30:51Z
527,@cidadaodebem3889,"Desumano e cretino √©  poder dizer que √© carro de macho, mas de gay pode n√©, que nojo que d√°.",1,2022-05-13T01:22:43Z
528,@cidadaodebem3889,"Ta ent√£o pode ter propaganda de carro pra gay e n√£o pode falar nada, mas se fizer propaganda dizendo que √© carro pra macho dai √© preconceito? Fala s√©rio, por isso que nosso pa√≠s est√° cada vez pior",6,2022-05-13T01:21:47Z
529,@oaprendiz5032,"Conservador: Todas vidas importas, menos os dos comunistas, dos homossexuais, e das pessoas que pensa diferente de mim.",1,2022-05-13T01:15:38Z
530,@oaprendiz5032,Eu lembro da minha prima que vota 17. diz que prefere um filho bandido do que gay.  Esses conservadores s√£o sem carater e pelo visto sem humanidade.,1,2022-05-13T01:13:40Z
531,@oaprendiz5032,"Vejo conservadores se preocupando com o Ku dos outros, e n√£o vejo eles se preocupando com a corrup√ß√£o, a infla√ß√£o e o desemprego. Pode isso Arnaldo?",11,2022-05-13T01:11:07Z
532,@Cobaiasdosistema,Agora agredir ou ofender algu√©m por op√ß√£o sexual √© homofobia sim,0,2022-05-13T00:24:12Z
533,@Cobaiasdosistema,Eu acho que at√© o momento n√£o existe lei que me obrigue a comprar determinado carro. Ou ser√° que at√© isso j√° existe?!,17,2022-05-13T00:21:46Z
534,@LuizTadeuSElias,"Pessoal confesso que nunca entendi essa quest√£o do publico homossexual ter visibilidade ou representatividade at√© ler alguns coment√°rios por aqui. Ser√° que √© dif√≠cil as pessoas terem respeito uma pelas outras como elas s√£o? O comercial fala sobre respeito e os coment√°rios falam sobre, (Sou melhor do que voc√™ por que fiz um filho em um Chevrolet?) Caramba! Uau! Pessoal sou h√©tero, e acima de tudo sou homem, agora tem uns coment√°rios ai que eu n√£o considero que seja coisa de homem n√£o. E antes que algu√©m se sinta ofendido, n√£o se sinta vou reformular, tem alguns coment√°rios que considero ser coisa de pessoas que tem muito a amadurecer na vida pra viver bem.  E vou completar mais um pouco, quando eu digo eu sou h√©tero, n√£o tenho vergonha de quem eu sou, por√©m com atitudes como alguns coment√°rios aqui, voc√™s teriam orgulho ou vergonha? O dia que todos sentirem orgulho de si mesmos e terem respeito um pelo outro, todos poderem ter o mesmo carro sem ter vergonha.",19,2022-05-13T00:18:05Z
535,@gilmarsantos2782,Sinceramente eu estava pensando em comprar um polo n√£o muito obrigado .,9,2022-05-13T00:12:24Z
536,@davidsilvasamtos7888,QUEM VAI COMPRAR UM CARRO QUEIMA ROSCA KKKKKKKK O QUE VAI CAIR DE VENDAS BEM FEITO VAI FAZER LACRACAO,7,2022-05-13T00:06:55Z
537,@user-ht2ju9oh2o,Polo eu n√£o quero nem se ganhar na rifa,10,2022-05-12T23:53:52Z
538,@rachellacet7385,"Achei a propaganda de mal gosto porque ela n√£o promove a inclus√£o mas a divis√£o. Por que n√£o fazer uma propaganda que mostre a pluralidade das fam√≠lias? N√£o tem que provocar o p√∫blico h√©tero, justamente com o carro mais procurado pelo h√©tero solteiro. Foi feito para isso para polemizar coisa de gente do mal",28,2022-05-12T23:52:43Z
539,@marcioadriano_oficial,"Propaganda rid√≠cula, VW acaba de enterrar o Polo. QUEM LACRA N√ÉO LUCRA. N√£o temos nada contra os homossexuais, mas querer fazer engolirmos esse tipo de coisa √© de lascar.",0,2022-05-12T23:44:54Z
540,@ZULUBRAZIL,"Kkkkk, gay pode falar &quot;olha o veado&quot;, n√£o tem problema. Se h√©tero fala a mesma coisa √© chamado de ataque.",35,2022-05-12T23:42:17Z
541,@eduardopapa1554,"Mas que braba! o Brasil tem que acabar logo com isso, mandar essa gente horrorosa racista, homof√≥bica, mis√≥gina e todo o combo que veio com a ascens√£o da extrema direita de Bolsonaro para os subterr√¢neos obscuros de onde sa√≠ram",0,2022-05-12T23:38:53Z
542,@crism.6410,"A  nazistada  saiu  do  ESGOTO   em  2018  e  para  essa  cambada   de  canalhas  voltarem  para  o  ESGOTO  de  onde  sairam  s√≥   tirando  o  pior  deles  do  Planalto  e  do  cargo   de  presidente  <a href=""http://www.youtube.com/results?search_query=%23forabolsolixo"">#foraBOLSOLIXO</a>",0,2022-05-12T23:38:10Z
543,@futbolfenomeno7496,Por isso n√£o vendo meu astra 99 veio kkkkk . Fiz meu filho nele e passei o cerol na prima da minha mulher nele kkkk,4,2022-05-12T23:37:07Z
544,@user-kh4ce5fc8e,"Podem atacar, os humilhados e perseguidos sempre ser√£o exaltados.",2,2022-05-12T23:34:00Z
545,@analuciamarinozi5427,Tem que processar sim!,2,2022-05-12T23:32:47Z
546,@tattianasalles3019,As pessoas querem virar fiscais da vida dos outros. Aff...<br>Eu fico lendo os caras falando que v√£o parar de comprar o carro da Volkswagen...Que masculinidade fr√°gil √© essa que se incomoda com propaganda de carro?! Gay tbm dirige. √â normal que as marcas de carro tbm queiram vender para esse p√∫blico.,5,2022-05-12T23:26:18Z
547,@terezasimas1503,"Parab√©ns Volkswagen!!!! Abaixo essa sociedade machista, homof√≥bica.",10,2022-05-12T23:17:32Z
548,@jairdinorionrribeiro5734,"Agredir a fam√≠lia do rapaz que n√£o tem nada a ver com isso √© o fim do mundo, um absurdo completo. Esses reacion√°rios, intolerantes e homof√≥bicos  tem que voltar para o seu reduto, de onde nunca deveriam ter sa√≠do",10,2022-05-12T22:58:41Z
549,@dalvamattosvilao8549,O mundo t√° destorcendo tudo o que DEUS criou. E t√£o provocando a ir√° de DEUS.üò†,8,2022-05-12T22:56:44Z
550,@marioangelojunior1033,Mas este carro vw √© muito sens√≠vel kkkk melhor e Chevrolet,10,2022-05-12T22:54:14Z
551,@everton180879,Coitado do escapamento desse carro üòÇ,14,2022-05-12T22:54:00Z
552,@reinaldoadrianeataidesilva6387,"Par√° mim os homof√≥bicos s√£o gays enrutidos, tem muitos que ficam cuidando do buraco dos noutros  enquanto.isso a namorada ou a mulher da.para o vizinho.!",0,2022-05-12T22:50:08Z
553,@fabiontpn,"<a href=""http://www.youtube.com/results?search_query=%23lulaladr%C3%A3o"">#lulaladr√£o</a> <a href=""http://www.youtube.com/results?search_query=%23esquerdanuncamais"">#esquerdanuncamais</a>",0,2022-05-12T22:49:03Z
554,@adrianovarjao4000,Feita povo besta.  O povo passando fome.  E os mach√£o ofendendo as pessoas pela uma propaganda.   O Br√°s.  Enquanto isso falta comida na mesa.,0,2022-05-12T22:44:18Z
555,@louisvoitton7753,N√£o entendo o que as pessoas t√™m haver com a vida √≠ntima dos outros.Todos n√£o querem viver a vida e ser feliz? Ent√£o s√≥ uma pessoa merece ser feliz e os outros n√£o merecem? Quem √© dono do mundo n√£o √© Deus?Cada um tem direito de viver como quiser,38,2022-05-12T22:43:58Z
556,@eqmelocosta6275,Estamos cansados de mi-mi-mi...,2,2022-05-12T22:43:17Z
557,@brennermarquescoelho121,nao compre!,8,2022-05-12T22:42:33Z
558,@vanderleiinocente3947,Casal √© homem x mulher !,12,2022-05-12T22:41:37Z
559,@vanderleiinocente3947,Agora q eu n√£o compro mais carros dessa marca ! Q falta de carater da volks ! Cresceu atraves da familia conservadora e agora cuspe no prato q comeu !,7,2022-05-12T22:40:56Z
560,@hugodaniel8975,Os conservadores v√£o protestar contra essa campanha,6,2022-05-12T22:40:34Z
